18756,帝月,力荐,2017/11/20 13:30," 广州试片会。主持人在现场透露：Coco原本涉及到亡灵题材，是不能引进的。但是在过审时，当场看哭了所有广电审查人员，so破例让过了。。。
        "
19812,西楼尘,力荐,2017/11/20 23:01," 供奉的遗像是牵引家人回家的通道，驻留的记忆是保持亡灵存续的神力，热闹的音乐是唤醒思念启封的药引。我为你写了首歌，穿越浩瀚的岁月烟尘，捱过冰冷的孤独冬季，横跨漫长的天人之路，在你老去的时候，唱给你听。这瑰丽的灯火万家，摇曳的烛光千盏，不如你梳着麻花辫坐在床头时，眼里闪烁的星光璀璨。
        "
16316,nek,力荐,2017/11/17 16:21," 邻座的女孩哭倒在我怀里啊电影多么美妙！
        "
8874,小歪,还行,2017/11/21 22:14," 无后同性恋们的一场极大的噩梦。
        "
9271,Juillet.,力荐,2017/11/16 16:09," 我们是人类的一分子，而人类是充满激情的。医学、法律、商业、科技，这些都是崇高的追求，足以支撑人的一生。但音乐、诗歌、梦想、情感，这些才是我们活着的意义。
        "
6211,小九儿,力荐,2017/11/2 7:28," 11月1日亡灵节当天，墨西哥城的影院里，隔壁座儿的小男孩画着鬼脸儿穿着骷髅服，老奶奶抱着万寿菊，举家一起看coco。生活与动画交叠而映，感慨又感动，炫目又泪目。这才叫文化输出，好羡慕，好嫉妒。（ps：盖尔加西亚~不枉爱了你十余年）（pps：开场前送了20分钟冰雪奇缘番外 ，以为走错片场）
        "
6116,露琪亚警部殿,力荐,2017/11/16 21:07," 第一次觉得死后世界通往人间的万寿菊之桥和七夕鹊桥是一样的原理，爱不分种类是共通的，相见是因为想念，存在是因为记忆的力量。而只有墨西哥人能有欢乐的能力把悼念先人的节日过得如此五彩斑斓。欢迎有女儿的爸爸来影院哭一哭。亡灵节海关大厅井井有条，效率极佳!拒绝寂静的死后世界，我们要喧嚣!
        "
5788,虎哥,力荐,2017/11/20 16:38," 满分。毕竟我已经很久没有看个电影哭得像个小孩子了 似乎大家又要说起那句老话：电影是绝佳的造梦机器。那些回不去的家乡 没能守护的家人也只有在梦里相见。
                
                <a class=""source-icon"" href=""https://www.douban.com/doubanapp/"" target=""_blank""><img src=""https://img3.doubanio.com/f/shire/c541f3cbc321589b29d7c7b6d00e620243f224d9/pics/comment/iphone.png"" title=""发自iPhone"" alt=""iPhone"" rel=""v:image""/></a>
        "
4964,Kirara酱,力荐,2017/11/24 9:56," 人有三次死亡。第一次是生物学的死亡；第二次是社会宣布你死亡；第三次是最后一个记得你的人离开这个世界。
想念上个月去世的外婆，想念老爸，想念所有离我而去的人们。
后悔没带纸，平复了半天情绪最后离开放映厅。。。
        "
3462,影志,力荐,2017/11/16 23:21," 皮克斯保持原创的又一巅峰，回忆与遗忘的情感核心，在家庭、音乐、梦想、冒险的故事线下饱满溢出银幕，最后只能以泪洗面。2017年度Top3
        "
2857,王大根,推荐,2017/11/24 22:54," 死后世界还是这么三六九等，穷逼死了还是穷逼，那还不如被快点遗忘消失掉啊！
        "
3201,阿德,力荐,2017/11/16 22:42," 不得不服皮克斯，一边和你探讨梦想、成功、家庭的意义；一边用各种充满想象力的情节、画面、音乐，让你叹为观止；这样的电影，怎能不爱。（家长指导：6岁以上推荐看，虽然有亡灵情节，但这可是一个关于爱的故事。）
        "
2412,shininglove,推荐,2017/11/26 19:25," 老人不图儿女为家做多大贡献呀，一辈子不容易就图个团团圆圆。皮克斯替蔡国庆唱了回春晚。
        "
2360,桃桃淘电影,推荐,2017/11/25 14:25," 亲情催泪弹。所以，动画会不会好看，除了技术，更重要的还是如何讲好故事，把感情放进去，借作品把情感传递开，包括这部以及头脑特工队等很多能成功，皆是如此。不过，有些人似乎总是搞不懂这件事。
        "
2096,萨库拉,还行,2017/11/25 11:40," 准备好的纸巾完全没用上。可能作为一个伦理冷感的人，大家庭不是我的点。而且皮克斯的剧本愈发磕磕绊绊，第二幕冒险和最后的反转毫无新意，价值观非常保守，“被人记住”其实是为“传宗接代”代言，最后也在梦想和家庭之间和了把稀泥。
        "
2015,张小北,力荐,2017/11/26 16:28," 不算皮克斯史上最佳，但在今年这个格外寒冷的冬天，它足够温暖。
        "
1306,Rilkelee,还行,2017/11/26 2:28," 漫天好评太夸张了吧。。。Pixar的叙事与价值观内核真是愈发俗套保守了，这还真是个全世界都要回归家庭本位的年代咩。。。
        "
1229,羚羊的灵魂,推荐,2017/11/13 11:48," 麻烦说比头脑特工队好的适可而止，coco这烂大街的设定真的被头脑完爆。只是一些观众更吃coco这种温情又煽情的故事罢了
        "
909,邓安庆,还行,2017/11/30 16:58," 精致平庸。对这种模式化的故事实在是倦怠了。看了这么多迪士尼的，永远都是在拍同一个事情。
        "
944,眠去,推荐,2017/11/28 9:59," 1、对不起，梦想和亲情永远不该对立。男孩最后怎么就能主动放弃了呢？2、我爱这个死亡和分离的故事，感谢皮克斯，将墨西哥的亡灵节变成了温馨的生之欢喜。3、依然催泪，但你流泪了，不代表这就是一个好故事。泪水不该廉价。
        "
807,Luc,推荐,2017/11/16 22:23," 一个基于文化传统的完整世界观，挖掘了死亡与回忆的意义。绚烂热闹的亡灵界令人神往，皮克斯技术上的优势再度体现的淋漓尽致。故事上更像《飞屋》和《头脑》的墨西哥音乐MV版，家族的温情对应的是偶像的坍塌，成长的叛逆与梦想总有归宿。亡灵们的骷髅梗真是个百试不爽的笑点宝库阿。
        "
781,季霖,力荐,2017/11/20 22:24," 看着看着就哭了，哭了有至少三次。片头叙事的载体与手法很巧妙，时空流畅地穿梭于缤纷色彩中。配乐动听，Dolby带来演唱会般的体验。纯真美好的梦想无比激昂，安稳温暖的亲情格外芬芳。我们都会离开这个世界，可是，有了一片金色花瓣的祝福，我们不会孤单。想唱就唱，唱得响亮；想哭就哭，泪过启航
        "
723,北溟鱼,推荐,2017/11/26 11:07," 散场时候一个人坐在位子上哭成一两百斤的狗子 电影里误会能解除 欺世盗名的会得到惩罚 家人会不论生死在另一个世界团聚 但那是电影了 电影有个好结局 但人生没有这样的好事情
        "
563,亵渎电影,推荐,2017/11/25 23:22," 这可能就是传说中的好故事吧，看似一切都在按照套路推进，但之后剧情随便翻几翻，就能赋予故事强大的情感力量。
        "
448,黄青蕉,推荐,2017/11/29 16:05," 可以说每一秒都是套路，但是还是哭得汪汪叫，羡慕可以这样坦然天真的谈论死亡的心境
        "
573,小黄鸭,力荐,2017/11/25 18:24," 生的对立面不是死亡，而是遗忘，亲情这个话题最是催人泪下
        "
432,远古飞行员,较差,2017/11/28 21:18," 我真的是个冷漠的人。剧情完全没有共鸣。片子不差，但也没到9.3分吧。看完以后，就觉得没有家庭的人原来下了地狱都不得安宁，并且还被各种限制。
        "
391,荔枝超人,还行,2017/11/20 13:55," 香港鬼片用了不知道多少次的梗（以至于该角色一登场我便估中其身份），这一次被皮克斯用招牌风格重新包装，看得一群人哭崩长城，谢谢迪士尼。
        "
487,iriselite,力荐,2017/11/16 21:13," 很励志，倾听自己的心声，追求梦想，又强调了家庭的重要性，既有欢声笑语，又催人泪下。即使离世了亲人们并未走远，亡灵的世界缤纷多彩，enjoy after life，真是感人肺腑。
        "
444,汽车大师,力荐,2017/11/16 21:42," 造另类世界一直是皮克斯的最强项，而至少从视觉上说，这里的死域是我最喜欢的皮克斯世界了，亡灵节的烛光和狂欢氛围居功至伟。剧本还是一贯的纯熟，半道一个转折就脉络全通，真要说瑕疵也就是故事说得太圆磨平了棱角，就比如那个二重死亡设定本是极惊艳的创意点，到全局看还是为了造角色危机，
        "
335,文白,还行,2017/11/20 12:27," 不到1/3处就猜出了整个故事，往后基本没任何出乎意料的惊喜，不能说有多差吧，毕竟是给小孩看的动画，笑点泪点都有了，不过对比皮克斯这个品牌，我还是不希望它在平庸的路子上继续走下去。
        "
325,华纳精神股东,较差,2017/11/24 1:04," 比飞屋环游记差了100个头脑
        "
373,瓦力,力荐,2017/11/20 18:29," 比肩皮克斯8-9年前巅峰水准，小台灯常带来感动，但被感动哭的只有up的开头和coco的结尾。一流想象力塑造丰富宏大亡界观，被人遗忘是“终极死亡”，“活在记忆中”是生者逝者的唯一牵绊暖心动人，不过照此设定，在亡界存活最久的大多会是历史名人而非劳苦大众，难怪要钞票上印着城门上挂着...9/10
        "
389,Mallory,力荐,2017/11/16 15:58," 9分电影，比头脑特工队好，比肩瓦力，故事欢乐流畅，没有刻意煽情。亡灵的故事，画面却是暖色调，家庭亲情加适当的励志，适合各年龄段。此片质量在国内应该会大卖。
        "
270,Jiao,还行,2017/11/24 13:58," 带着期望颇高的一颗心与无意中独自承包全场的愉悦观影完毕，相对于皮克斯的原有水准这个故事中人与亡灵关系的设定还是很动人的，照片与记忆无比重要。剩下的就是各种套路了，除了绚丽的颜色没有什么能留下太多印象，分数有些虚高了
        "
294,,推荐,2017/12/1 23:09," 动画片告诉我们，养猫，不但能吸猫，死后还能当大boss。养狗，没卵用。
        "
290,西帕克,推荐,2017/11/17 10:58," 温馨感人的皮克斯小品故事，以宏大的鬼魂世界观讲述家庭和梦想的矛盾。本质上还是一部穿越类型电影，鬼魂世界其实是过去的另一种展现形式，主角穿越后发现自己祖先的另一面，并成功让“父母”重新相爱。不过能把怀旧拍的如此五彩斑斓，也只有皮克斯了。
        "
347,私~川流,推荐,2017/11/23 12:10," 当你被生者遗忘，便是你再一次死亡。
        "
295,Paco,力荐,2017/11/24 19:42," 所有顶级“假大空”命题都在通俗语境下被深入浅出地落到实处。设定巧思、异世界打造水准不言而喻，煽情功力无可匹敌。所谓套路之完美，代表的是背后真正无懈可击的剧作，皮克斯不死也好，被迪宝宝同化也罢，这样既能博取最大观众群又言之有物的电影，放眼世界每年仍不超三部，值得所有从业者虚心师之。
        "
255,妇女艺仔,推荐,2017/11/24 18:31," 套路也没惊喜，但依然感动。不过就连死后的世界阶级差异也这么大，大家不觉得细思极恐吗？
        "
184,同志亦凡人中文站,推荐,2017/12/10 9:22," 记忆是生命的延续，Coco才是故事的主角，那首“Remember Me”有点催泪啊。五彩斑斓的死后世界，看了一个多小时骷髅后我竟然觉得人脸就是长这样...（还有救吗）当然跟“千与千寻”还是有差距的，至少后者让人猜不透故事走向，而皮克斯满满都是套路可循。
        "
252,杨迪,力荐,2017/11/28 15:55," 强推！又一次在电影院哭到无法自已。
        "
249,大夫唐,力荐,2017/11/24 14:17," 本以为是醉乡民谣，却是请回答1988
        "
142,谢飞导演,推荐,2017/12/12 13:28,"         ”环球影迷大会”上，答应影迷去看这部高受赞誉的动画片。虽没有想象的那么催泪、惊艳，但是创作者能根据墨西哥民族“亡灵节”的风俗，发展起来这样一部美好的作品，确实不错。好莱坞的大片即广采各国各民族文化特色，又结合娱乐通俗大片电影的精巧技能，难怪老少咸宜，风靡全球！
        "
215,Madison,力荐,2017/11/26 19:02," 在影院里面洗了个脸…
        "
204,韦思嘉,力荐,2017/12/2 1:36," 希望这些年你也回来看过我。
        "
175,阿暖,推荐,2017/11/24 13:42," 真的是太催泪了，亡灵的世界也是真的漂亮，几乎要沉醉在那个犹如frida画作的世界。其实仔细一想，让我感动的好像并不是family这个概念。让一个男人怀恨而死，又在穷困潦倒中再死一次，他执着的可以是女儿，换一部电影也许是爱人，也许真的是音乐梦想……但这样得不到的遗憾永远动人。
        "
203,三匝,力荐,2017/11/24 11:16," Pixar的动画其实总有种淡淡的中年感，虽然总是通过幼年或弱势角色窥探世界，但是探讨的话题会随着年龄和经历增长越来越觉得扎心。经历过亲人过世后再理解任何讲述家与爱的故事都不可能再和以前一样了。感激有这样一个疗愈故事让很多人可以借着角色去排遣自己的哀思和遗憾。
        "
196,小岩井,力荐,2017/12/1 22:03," COCO每次出场，即使那么安静地坐在椅子上，都会让我忍不住想哭。我只是想到了我奶奶，想到小时候她就那么慈祥地坐在一旁看我........
        "
198,斯R佐w力尼克,力荐,2017/11/25 16:38," 我给你我所有的祝福，没有任何条件。
        "
205,久光耀一郎,推荐,2017/11/20 20:40," 散场后去洗手间，看见一帮子不爱随身带纸的大爷们正在集体抽纸巾抹脸。
        "
171,大聪看电影,力荐,2017/11/23 17:41," 死亡并不可怕，可怕的是最终被遗忘，皮克斯的故事总能像剥洋葱一样，层层包裹着秘密，最后让你眼泪决堤。
        "
124,P.T.,还行,2017/11/24 12:55," 学心理学的朋友不妨看看这部电影，迪士尼和皮克斯就服这点，专挑人内心最软的部分捏，而且一捏一个准。商业的同时兼顾人文方面的表达，但由此带来的问题也很明显――童话成份过重。这个意义上而言，《至爱梵高》比它做得好，这也是欧罗巴和洋基仔最大的区别。二选一的话，我会把最佳动画给梵高。
        "
190,NarvikAustin,力荐,2017/11/24 8:25," 皮克斯又预定奥斯卡了，拍这么好看简直是犯罪。美国有没有商务部什么的，查查反垄断。
        "
143,陆支羽,推荐,2017/11/26 22:25," 4.5。1.那首Remember Me简直能把人听哭，尤其结尾那幕Coco催泪弹。2.这一次，皮克斯依然不失水准，花瓣桥和亡灵城的设定细节饱满，终极死亡与人间记忆构成深度关联，剧作虽稳妥却不失灵气。3.皮克斯三十年，始终以好故事为王道，从不刻意卖动画人设，着实太难得。
        "
201,王写写,力荐,2017/11/20 16:03," 年度最佳动画！卖相看起来很差：没有外表讨喜的角色，没有足够可爱的画风，没有煽动性的故事，墨西哥文化对多数人也较陌生。但实在太好看了，叙事几乎完美，节奏明快流畅，情感爆发力难以抵挡。最后的转折不至于惊天，却是我近年见过的最合情合理又足显张力的反转设置。煽情却不滥情，一部聪明的电影
        "
137,芦哲峰,还行,2017/11/27 12:17," 家族与梦想的冲突与和解，果然能击中大多数的人。可对我而言，家族是羁绊，梦想是虚无。从小到大就对家族、亲情无感，对死后是不是被人记得更无所谓。所以，这部皮克斯与其他的皮克斯并无不同，都是些惯用的煽情手段，带来廉价的感动。
        "
136,亚比煞,力荐,2017/12/5 21:31," 我好想你。别忘记我。
        "
172,木光,力荐,2017/11/24 13:13," 多么棒的文化输出啊！一个国家的文化完美的与家庭、爱和梦想契合在一起。亡灵世界美的不像话，色彩简直太太太好看了！！剧情扎实平稳，从塑造出一个光彩夺目的世界，再到讲圆满一个泪目感动的故事，毫无炫技却动人心弦。最后想说，如何活着决定你将如何死去，怀揣梦想也要爱与被爱，年度最佳动画！
        "
151,恶魔奶爸Sam,力荐,2017/11/25 22:46," 哭的一塌糊涂
        "
86,胤祥,推荐,2017/11/25 2:53," 虽然又被煽哭了两次，但是这片还是离[头脑特工队]差点意思。主要是人物比较简单粗暴（揭示真相的[哈姆雷特]梗还是蛮巧妙），阴阳两界的互动至少少了一番儿（Miguel应该再回去一次，发现阳间有解决不了的问题再回来才对，看看[头脑特工队]的写法）。但是画面真是美到感人啊，又种草了墨西哥……
        "
98,米粒,推荐,2017/11/27 21:36," 是不是应该叫“冥界总动员”但是那样听上去有点像香港B片。。没忍住还是被这样很传统的家庭价值观煽到差点哭出来，皮克斯太会抓人内心最柔软的地方，“一家人最重要的是整整齐齐”，不管是否阴阳两隔。话说这个冥界更像是一种填补生者遗憾的地方呢，一切都是人间的延续，记忆消失亡灵也不复存在
        "
142,风间隼,力荐,2017/11/24 22:43," 明明是墨西哥风情，却让人涌起乡愁。亡灵节堪比中元节，墓地花海恰似放河灯，还有开头的剪纸和结尾的阴阳团聚，好电影果然是能突破文化壁垒的。从温馨恬静的小镇暮色到光怪陆离的冥界舞台，光线和色调的运用极棒。
        "
108,蜉蝣,力荐,2017/11/25 14:35," 看完电影走在路上想了想还在掉眼泪。片名是最大的泪点。遗像是亡灵反乡和思念的介质，电影是勾起回忆和创造彼岸世界的介质。
        "
130,方枪枪,力荐,2017/11/24 14:16," 卧槽，看哭了！一个励志追梦少年故事包裹下的一部家庭温馨故事，从隔阂与误会开始，到和解圆满收尾。奇思妙想的构思，绚烂多彩的画面，连骷髅都那么惹人爱。结束后观众纸巾拭泪的场景。人隔两地，天各一方，唯有记忆是你我情牵一线的桥梁。爱与家庭是这个世界里永远最美好的故事！
        "
83,品川 贝枇杷膏,很差,2017/11/25 19:17," 觉得很俗套很无聊，6分差不多吧。拉低现分
        "
86,JoshuaLi,较差,2017/11/26 18:20," 这不是墨西哥与墨西哥人，片中角色不过是披着墨西哥外皮的美国人，但如此美式的虚伪并不妨碍它成为又一部有不错艺术价值并宣扬着传统价值观的迪士尼动画，墨西哥文化的凤毛麟角被皮克斯的精心匠人们在视觉上转化成充满想象力与优秀艺术设计的幻想世界，但这不能拯救影片在八股叙事公式中讲述的滥俗故事
        "
98,把噗,还行,2017/11/24 21:15," 感动太廉价了吧。想象力好像也不太行（看《千与千寻》）。骷髅扮相着实难看（对祖先没有些敬畏心？）。大半夜的不得把孩子吓死？
        "
68,木卫二,推荐,2017/12/25 21:47," TVB台词混搭瓜纳华托亡灵混搭追梦赤子心，其实被人遗忘更惨然，但也更接近这个世界的真相。世俗社会的成功，依然影响着亡灵之都的设定。白头女儿与年轻老爹的携手，好似星际穿越煽情大梗的普罗版。全场抽泣一片。可我总觉得，听完remember me的coco就该闭眼长眠了
        "
77,海淀鸡王柴斯卡,,2017/11/29 22:49," 一部非常非常适合正常人的电影 对反派的处理令人感到不快 受不了这种“大快人心”“围观群众”式的桥段 粗暴 野蛮
        "
140,一口吃掉小蛋糕,力荐,2017/11/20 17:27," 感谢迪士尼在2017年的尾声，带给我们这样的惊喜。非常适合冬天的暖心之作。没有家人的祝福，成功又有什么意义呢？多说便剧透，我只能说起承转合，顺理成章。前期所有的疑问，都会在结尾找到答案。曾曾祖父唱歌太好听了！人物造型非常《圣诞夜惊魂》，尤其是米洛的妆，非常怀念。
        "
103,丁小云,力荐,2017/11/26 13:36," 忘带纸巾看这部电影是我的错。看到最后哭惨了。看到高潮前，心里还有一些吹毛求疵的想法。但最后的高潮直接净化了这一切。英语原声版里小男主的太奶奶每一次喊“爸爸”，都会让我的心颤一下……
        "
71,掉线,推荐,2017/11/25 20:30," 【B】即便能够轻易预料情节走向，还是会被感动到飙泪，这就是皮克斯品控的强大啊。但这个主题，真的不是在重复飞屋吗，就连第二幕转折的方式都如出一辙（偶像覆灭）。而且一开始设定下太死，非得是痛恨音乐，最后又要一瞬间变得热爱音乐，配角的态度变化因此显得十分唐突
        "
75,大时代・歌姬,推荐,2017/12/6 0:36," 好莱坞这才叫盛唐气质，天下文化尽入吾彀中。
（某些国家只盯着复兴传统，实在太小家子气了）
        "
72,刮刮油,力荐,2017/12/17 12:18," 带着小妞看的国语配，符合“只要没有明星，国语配就是相当不错的”定理。我儿子说，虽然是喜剧结尾但是还是很心情很沉重很沉重感觉所以爸爸咱公园溜达一圈放松放松再回家写作业吧。
        "
75,saturdaylou,较差,2017/11/24 19:02," 原生家庭太可怕了
        "
63,乌鸦火堂,力荐,2017/12/3 14:21," “很幸运和你们是一家人。” 隔了一周才看，虽然故事模式和脑洞不如头脑特工队，但亡灵世界的斑斓，墨西哥文化的风采，还有情感渲染，足以令该片成为今年最好的动画，动情之处根本控制不住，coco想起了我去年过世的奶奶，泪奔。死亡不是终点，忘记才是永别。ps大概是我第一部在大银幕上看得鬼片
        "
38,陀螺凡达可,还行,2018/1/16 9:22," 3.5 皮克斯一向很会抓煽情点，总能找到观众共通的情感软肋然后全力出击，这一点确实厉害，三颗星都给Héctor和女儿Coco这条感情线。其余通篇糟烂套路几乎没法看，非得立一个大反派居然还顺带破了一个谋杀案，墨西哥元素也多处显生硬。严苛点来说整体其实是在皮克斯水准之下的。
        "
106,gerald,力荐,2017/11/23 4:13," 片名才是全片最大的泪点QAQ！都是讲亡灵节，Coco比生命之书高到不知道哪里去了，墨西哥人的生死观真是讲得透彻。故事讲成这样真是太厉害了！预告片里惊艳无比的冥界城市到了电影里甚至更加惊艳！
        "
72,时间之葬,还行,2017/11/29 15:44," 为逝者追掉的设定太讨巧，有几处调度也堪称精彩，但我觉得这部电影还是在一个很关键的地方模糊了概念――追寻理想并不等于成功，尤其不意味着必然黑化的成功，如果像片中所展现的那样，让家庭概念高于一切，那么米格很可能就终其一生只是一个鞋匠。这是现实，而你们看的，是电影。
        "
93,bamboo,力荐,2017/12/2 17:14," 刚刚在墨西哥待了半个月的我，看完电影，又开始想念她了。
        "
80,大瘦瘦,较差,2017/11/28 17:04," 你们谁能告诉我这片好哭在哪里？（可能彩蛋结尾照片墙有些设计，但跟你有半毛钱关系吗？）从头到尾都是套路，而且它精心计算出的煽情点也挺廉价的，看在它评分那么高还是降一星吧，还是头脑特攻更好哭一些吧
        "
90,桃花不拌饭,力荐,2017/11/16 18:39," “Family comes first.”的前提不应该是互相忍让，而是相互理解。（PS.亡灵入关这段非常荒诞幽默！！！
        "
52,匡匡,还行,2017/12/21 22:27," 因为是家人，就有权干涉你的人生、你的梦想，理由是“一家人就要整整齐齐”。片中家人所做的事，跟那些大家憎恶的逼婚家长没有区别，本质都是基于一种逻辑：前者是如果你做什么，我就不爱你；后者是如果你不做什么，我就不爱你――以爱为名的控制和捆绑，全都是家人or爱人实施的。幸好片尾解锁成功了。
        "
66,欢乐分裂,推荐,2017/11/24 15:57," 联想起昆德拉的《不朽》，当你永远镌刻在他人的记忆中，这就是「不朽」；包裹着南美异域风情的糖心励志片，这片神奇斑斓的土地上从来不缺奇幻，「爱」成为记忆的容器，成为和解的通道：“请你记住我”，穿越时空的亲情，即使在漫漫岁月的尽头，仍能攀住最后一丝爱的回念，抵挡住时间的侵蚀。
        "
81,瑾朵朵,推荐,2017/11/26 15:48," 咽气的时候不算真正的死亡，是被世人遗忘的时候才是
        "
58,夏奈,力荐,2017/12/9 11:10," 迪士尼真的够了！收购漫威又收购皮克斯！天天来骗票钱就够了！妈的还要催泪！105分钟哭了三次！真的气死了！我为什么要花八美金在电影院被搞哭啦！好想爷爷奶奶！我不会忘记你们的！！！
        "
54,徐若风,力荐,2017/11/24 15:37," 4.5 在结局猛烈的组合拳煽情下哭到眼睛都睁不开...虽然还是有不少皮克斯惯性的程式，依旧是今年最感人至深电影、近两年最好美国动画、奥斯卡最佳动画！瑰丽无比的世界观、美轮美奂的画风、动人的音乐、巧妙而精致的剧本，也许在人物出场第一秒大多数人便已能猜到反转套路，但丝毫不影响情感上的冲击。
        "
71,鹿菏,力荐,2017/11/26 21:22," 可恶的皮克斯，又一次在电影院哭成傻比
        "
42,Leo4House,很差,2017/12/1 2:24," 垃圾片一堆好u真是涡λ
        "
92,Squirrel,力荐,2017/11/24 12:19," 皮克斯就是他妈的世界的主宰！
        "
48,不良生,力荐,2017/12/4 18:53," 电影散场，走出日光下的地面。仿佛也赴亡灵世界游历一番，重新回到人类的世界。明白电影营造的亡灵世界只不过是一场慰藉世人的梦。但至少坚定了往后人生的意义之一：好好活着。只有这样，母亲才能继续活在我的念想里。
        "
55,明安,推荐,2017/12/11 7:43," 虽然猜到了每一秒的剧情可我还是哭了啊！
        "
44,小斑,还行,2017/12/4 18:57," 一小孩一老头在奇异的世界携手并行最终成为家人，熟悉的配方，就是置景，想像力和欢乐性都比《飞屋环游记》差了一个皮克斯。音乐和歌舞场面则差了一个迪斯尼。在万圣节和感恩节之间恰到好处地消费了一把墨西哥亡灵节和弗里达。对，我就是那个全程一毛都没感动到的没血没泪的家伙。
        "
49,朝阳区白百合,还行,2017/11/27 0:36," 又是一部让人在电影院哭成母0的皮克斯动画电影！
        "
45,心生,力荐,2017/11/27 18:36," 太棒了！应该就是明年奥斯卡最佳动画长片了吧。关于梦想，关于亲情，关于爱，听起来不新鲜，但创作者们就是围绕着这些经典主题，贡献了一部格外精彩、动人的影片。设定有趣，故事也不辜负这个设定，剧情的编排，细节的前后呼应，都很让人满意。画面也棒，亡灵世界神奇、理想又震撼。以及音乐，太赞了！
        "
61,哪吒男,推荐,2017/11/26 15:57," 近年来公映电影中唯一大篇幅正面涉及“鬼魂”“成精”的作品。“我祝福你，不带任何条件。”
        "
77,H2O.,力荐,2017/11/25 23:30," 最后的歌，大家都哭了。
        "
58,曾于里,还行,2017/12/2 12:19," 没哭，中途一度要睡过去了……怎么说呢，换了套路讲同一个关于爱和亲情的笼统故事。也许是我的感动阈值太高了，我还是喜欢那种有更多生活实感，少一些煽情的叙事。当然了，动画效果没得说。
        "
51,TimberNord,力荐,2017/12/9 7:52," 时辰一到，台词一出，剧场唰的一声，全场抽纸巾，继而抽抽哒哒的声音响起，很齐整，也很隐忍，宛如朝鲜领导人去世抬棺仪式组织方叫来了一群内向社恐的送别群众。
        "
47,女神的秋裤,推荐,2017/11/26 23:16," 算好看，9.3的分虚高了，跟9年前9.3分的瓦力差挺远
        "
43,传奇,力荐,2017/12/2 23:23," 2017-12-2 有人说过：人会死三次，第一次是他断气的时候，在生物学上他死了；第二次是他下葬的时候，人们来参加他的葬礼，怀念他的一生，然后他在社会中死了，不再有他的位置；第三次是最后一个记得他的人把他忘记的时候，那时候他才真的死了。
        "
37,孤u主,推荐,2017/11/26 0:19," 很久没有见过大家纷纷摘下眼镜掏纸巾的动人时刻了
        "
130,Rebecca,力荐,2017/10/30 12:14," 10月27日墨西哥首映，算是为亡灵节造势，电影院座无虚席，惊喜是买一送一还有冰雪姐妹番外篇。影片里满满的都是墨西哥元素，各种梗惹得全场笑声不断，要是国内引进用英语演绎可能会破坏了一些细微的文化氛围，非常感动，强烈推荐。
        "
114,西瓜杀手熊猫饼,力荐,2017/11/16 18:20," 相当感人，非常适合一家人观看，从画面到剧情都是特别棒的一部动画佳作。制作团队超强，而且很用心，墨西哥元素新颖有趣。入场准备好纸巾，有泪点。
        "
29,痞影人科莱昂,还行,2017/12/11 11:49," 上映的第四个星期才看，期待很高是真，不如预期也是真。大概是皮克斯正常偏低水准，抓住了“亲情”与“爱”的内核，大概怎么拍都不会让人反感，只是也相应抵消了应有的惊喜与偶得。能明白给高分的人的感受，有时候一部作品给观众心灵的撞击和震撼或许只在那么一瞬间，只是这部片没有属于我的那一瞬间。
        "
56,周冲,力荐,2017/12/2 18:42," 哭得一塌糊涂
        "
82,netwilliam,推荐,2017/11/16 18:30," 一贯的制作精良，效果眩目，不过还是有难以克服的“文化隔阂”。感谢受邀参加迪士尼上海总部的提前点映会。
        "
109,Iosefka,推荐,2017/11/24 13:58," 迪士尼这几年的动画电影在美术设定和细节上越来越丧心病狂，剧情还是都太套路了，这部更是套路到每个情节都能猜到。即使如此，看到最后我简直要哭晕在座位上了，相信我，如果你有想与其和解的亲人、或者想改善自己冷漠的内心，就带他一起来看这部电影吧！
        "
46,叶纸君,力荐,2017/11/24 18:20," 梦想很重要，家庭也是一样。
        "
72,聪匆葱聪,力荐,2017/11/24 13:49," 我相信终会有一天我们还会再相见
        "
50,古力,较差,2017/11/25 21:07," 对于皮克斯，是很垃圾的一部电影，乏善可陈，没有一点儿新意，看了开头就知道结尾，完全是浪费时间！一句话概括，这碗鸡汤里有鸡屎……
        "
42,海棠,力荐,2017/11/30 22:07," 美瞳都哭丢了
        "
38,肖恩恩恩恩肖,力荐,2017/11/26 21:33," 请皮克斯收下我的膝盖……看片的时候大家在讨论基佬没有后代，是不是在阴间也会消失得很快。_
        "
22,慕,力荐,2017/12/17 18:17," 关于亲情、友情、爱情的一部电影，故事完整，结局美满。看完吃了顿超级丰富的夜宵，大概是难以再见的遗憾被治愈了吧，以后还会再见，挺好的。
        "
49,凯撒不爱我,还行,2017/11/26 10:15," 比《inside out》差远了。老套的剧情，廉价的泪水，画风精美但比不上《生命之书》。阴阳两界想起《僵尸新娘》也不算特别。但还是很喜欢“人们靠记忆而存在”的设定。想念我温柔美丽又大方的墨西哥室友Raquel.
        "
39,成知默,推荐,2017/11/29 21:08," 人的一生要经历两次死亡：第一次是肉身的死亡，第二次则是从爱你的人的记忆里消失。当这个生者的世界不再有人记得你，你就彻底地真正地死了。。
        "
50,基瑞尔,力荐,2017/11/24 17:23," 可能越来越冷的天气以及一个个残酷事件的刷屏让人容易变得感伤：当看到热情洋溢的拉丁文化被这部动画完美的捕捉，还有加西亚可爱的配音，找到了温暖和慰藉（真的很久没给动画片五星）。想起了Gina在金球奖说papa总教她‘dream big’，不知道我们的七月半能够排得这般激励、暖心和感动吗？
        "
56,托尼・王大拿,力荐,2017/11/24 21:19," Up的一体两面，成长的代价与偶像的崩塌，但墨西哥元素揉的实在太巧妙，煽情起来也依旧让我难以招架。
        "
23,LORENZO,推荐,2017/12/8 23:37," 皮克斯再次献上最佳剧本，聪明巧妙得让人嫉妒：讲的不过是亲情，生死，铭记以及梦想这么简单的主题，却让观众在生死两界穿越，看到了另一边的瑰丽。这样的生死观，虽不能说完美，但依然豁达坦荡直指人心（看的时候前面一对右边也一对gay，右边那对看到半场就开始哭，前面那对字幕完了都不舍得走-。-）
        "
57,美卡 mecca,推荐,2017/11/17 19:45," 11/16@迪斯尼上海 四星半。谢邀试片会，Disney x Pixar这部新作在故事磨合与技术完成度上都大有跃升，于是哪怕梦想vs家庭旧酒仍喝得心服口服，毕竟就像动人记忆与生命人人都有，无法释怀的过去与莽撞拥抱的未来也易勾人。墨西哥亡灵节(Dia de Muertos) 他文化背景植入更深。知死而生，善莫大焉。
        "
31,彭萦,还行,2017/11/26 14:45," 电影院左右的大人带着孩子一起哭得唏嘘唏嘘的。只是完全不是我的哭点。
        "
87,锐利修蕊,力荐,2017/11/24 12:02," 提前宣布这部是2018年奥斯卡最佳动画长片，感恩节之后看简直哭到颤抖，明明是被玩滥的家庭取舍梦想题材，结果套用了亡灵与爱的元素讲到完美。彼岸花铺满的桥，通往死亡及灵魂的禁忌情结有了新的高度，真正的纪念方式就是尊重生命与永远被记得： “感谢那些曾经陪伴过我们，并给予我们支持和鼓励的人”
        "
47,看不见我,还行,2017/11/28 22:46," 没有被催泪，剧情老套。看完总感觉这电影的三观有点儿问题，亡灵世界的槽点简直不要太多，孤独的人就算死后也要继续灰飞烟灭，比死了还要凄凉一万倍吗！马太定律居然在死鬼世界也运行自如，感觉诸位都白死了一回了啊。最可悲的是穷人死后都不知道自己是被富人害死的，还要继续在地下被富人欺负！
        "
28,熊阿姨,推荐,2017/12/12 0:30," 墨西哥大型旅游宣传片。电影之外看哭中国审片员那个说法太恶心了。
        "
40,搬砖侠,还行,2017/11/28 10:00," 看得非常难受，各种视觉疲劳。的确这种动画各方面都很优秀，但同样不能否认的是故事的老套，角色的脸谱化，价值观的绝对正确。假如我是一个很难感动的观众，看这样的电影真的全程都太疲劳了。
        "
50,内陆飞鱼,力荐,2017/11/27 21:56," 哇，太棒了，阴阳交错，仙境漫游，充满童心的想象力，彩色温暖迷幻，故事一波三折，绚烂的阴间图景，层次分明，合家欢，老少咸宜，爱憎分明的骷髅们歌舞升平，生老病死，俨然另一个悲欣交集的人间，不知创意上有没有受蒂姆・伯顿《僵尸新娘》的启发，国内编剧抓破脑袋也不敢写这样的故事吧，五星力荐！
        "
31,弗朗索瓦张。,较差,2017/12/6 6:36," 全程整个冷漠.jpg，可能是我老了吧。现实中不是每个保守家庭都会瞬间被你的梦想感动180度大转弯让你追求你的自由梦想。人活着的意义也不是为了死了之后有人放着你的照片惦记着你。强行扭转的大团圆结局，笑不出来。。。
        "
31,木由,力荐,2017/11/27 5:31," 「你将获得我们的祝福，无条件的。」小男孩和coco对唱一段太感人了。Frida Kahlo真是墨西哥国宝。
        "
28,^期Z,推荐,2017/11/28 17:03," 虽然很不错，但总觉得少了点什么，细想一下原因可能有三：1，祖祖祖奶奶的爱恨表达很草率，唯一的解释就是她是个任性的女人，但这样情绪就略显单薄；2，以后真是不能看预告片，看完基本讲些啥都能猜到，没有惊喜了；3，邻座小孩害怕骷髅，一直大喊要回家，可她妈非要看，太她妈任性了！
        "
37,烟波人长安,推荐,2017/12/25 12:42," 我终于明白我一直害怕的是什么了，我怕我还活着，但衰老和疾病却强迫我忘掉我爱的人
        "
50,[已注销],还行,2017/11/24 18:19," 在中段那个可以比肩皮克斯之前作品任何动人瞬间的静默时刻之后，一连串落入窠臼的情节却纷至沓来，最终还是沦成了一部创意一流叙事流畅同时又保守常规化的美式合家欢动画。
        "
28,默语生,推荐,2017/11/24 23:44," 墨西哥味的春节档合家欢贺岁片，其价值观之保守中庸真是驯服教育的典范。皮克斯的技术和审美塞着迪斯尼主旋律内核，连着好几部长片来说教，烦透了。不论有什么天分和理想，总归亲情最大，要向平庸的家庭忏悔妥协，在岁月静好里束缚天性，真是虎爸妈会微笑八零后会流泪啊。三星半。
        "
46,诸葛不要,力荐,2017/11/24 23:49," 意料之中关于梦想、家庭、亲情的故事，情理之外的阴谋与转折。奇幻绚丽的亡灵城，喷涌而出的墨西哥元素。双重死亡的设置，很具想象力。电影完成度很高，却有着动画难得的紧凑感，没有浪废一个多余镜头。皮克斯总能精准戳中，人们那部分叫爱的软肋。
        "
17,元气小姐。,推荐,2017/12/11 8:07," 墨西哥亡灵节。看的时候在想…大公司就真的可以把俗套的故事讲出新意 击中大家。也是第一次觉得烛光斑驳的祭祀场面很美。
        "
29,方慧,力荐,2017/11/28 23:48," 如果真有那样一个世界多好。
        "
17,汪金卫,推荐,2017/11/25 9:41," 逐粢钒妗督┦新娘》。饽西哥L情配上勇的音贰⒏腥说∏椋似乎完美。然而也有套路之感。太奶奶角色]定要煽情，反派的揭露和被打〉墓奏太快。而Y尾父母奶奶B度的D也有些生硬。被z忘就消失的O定看似感人，想希特勒M不是也可永存？字幕最後的面更加感人。^非皮克斯最佳B
        "
16,尼日利亚黑珍珠,推荐,2017/12/9 16:34," 迪士尼一贯的套路，很感动也很治愈，被灵界的世界构造美到
        "
30,fateface,推荐,2017/11/29 17:20," 煽情肯定是煽情的，但是我猜到了几乎每一个情节，真的也是有点醉了。的确是很好的爆米花片子吧。
        "
33,魏小河,力荐,2017/12/1 22:30," 有点像我们的阴间阳间。皮克斯厉害，这么小的一个切入点，却把故事讲的感人至深。
        "
33,魏小河,力荐,2017/12/1 22:30," 有点像我们的阴间阳间。皮克斯厉害，这么小的一个切入点，却把故事讲的感人至深。
        "
46,孬爷爷,还行,2017/11/26 17:12," 看完觉得一般啊，为啥评分这么高。我觉得这片过段时间最终能定格在8分就不错了。音乐不突出，笑点不突出，人设不讨喜，场景一般般，唯一打动人的就是最后那个催泪点吧。
        "
31,解High人,很差,2017/11/27 1:23," emmmmmmm……跟我世界观冲突比较大，一直被记着的亡灵才叫惨吧。寻找泪点失败，欣赏音乐失败，一星给无毛狗承担了笑点
        "
23,男娼起义,,2017/12/3 20:08," 你都如何回忆我，戴着孝或是很沉默。
        "
17,逍遥兽,,2017/12/10 21:45," 片名还是改掉吧。。。
        "
21,刘康康,还行,2017/11/29 0:20," 故事讲得太套路，感情就显得不那么真诚了……几乎每一步都符合观众预期……
        "
23,绿芭蕉,较差,2017/12/9 19:23," 人死就灰飞烟灭，妄想什么彼岸世界长生不老？照这电影的理念，北京一环供奉着的还真是万万岁了。
影片三观很扭曲，没后人不行，闯世界做自己不行，不供奉祖先不行，要不是写着迪士尼出品，我还以为是哪个国产封建道德协会的洗脑产物呢，呕。
        "
15,冷月心,还行,2017/11/25 15:20," 太套路了，不过还是被煽掉了几滴眼泪
        "
20,[已注销],力荐,2017/12/9 23:12," 张爱玲对照记里这段话大概是最好的总结了：“我没赶上看见他们，所以跟他们的关系仅只是属于彼此，一种沉默的无条件的支持，看似无用无效，却是我最需要的。他们只静静地躺在我的血液里，等我死的时候再死一次。我爱他们。”
        "
22,恶魔的步调,力荐,2017/11/27 21:44," 极简的故事，极动人的细节…皮克斯可以说将动画作为一种工艺品做到了极致。
        "
28,Season,很差,2017/11/26 22:48," 这也能9分 看不懂哦
                
                <a class=""source-icon"" href=""https://www.douban.com/doubanapp/"" target=""_blank""><img src=""https://img3.doubanio.com/f/shire/c541f3cbc321589b29d7c7b6d00e620243f224d9/pics/comment/iphone.png"" title=""发自iPhone"" alt=""iPhone"" rel=""v:image""/></a>
        "
53,须弥点点,力荐,2017/11/5 13:58," cempasúlchi, tamal, Guanajuato, mariachi, 白色辫子穿着白裙子的老奶奶，真的都超级墨西哥，细节满分！跟家庭有关，配乐也好听，戳中泪点，一个人在墨西哥的电影院哭成狗，国内上映不知道要不要看多一次。。。
        "
13,美神经,力荐,2018/3/19 19:01," 很感人的一部片子，发展，音乐，场景各方面都很不错，喜欢这种风格的动画影片。
        "
22,小海,力荐,2017/12/5 18:53," 皮克斯他妈简直是世界的主宰。
        "
24,臭蒜头,很差,2017/12/10 23:07," 家庭固然很重要，但我首先是一个个体，为什么追求梦想和家庭变成了对立面？我不喜欢这个故事
        "
25,顿河,较差,2017/12/18 1:05," 睡前记一笔，一个月来唯一的大银幕充满着倦怠失落。一定是我自己的问题，最近看什么片都觉得平庸，剧情太好猜，画风太低幼。大设定套用了人的三次死亡，也算是有新意，但没有一个人物爱得起来，为毛那么多故事以音乐作成功目标，为毛世俗成功又都以抛妻弃子作为假象途径？你们一定对爱好音乐有些误解。
        "
28,梅山君,力荐,2017/12/3 20:37," 看完电影突然很想妈妈，在人来人往的电影院给她打了电话。妈妈告诉我她身体好多了，希望我也好好照顾自己。
        "
22,小三的意思其是如果先生,还行,2017/12/9 20:41," “因为是家人，所以就可以阻止你做任何想做的事”和“为了追求梦想，可以无条件抛弃家人”哪个更可怕？我觉得都挺可怕的，被遗忘都没那么可怕。三星给大猫。
        "
36,猛汉世雄,力荐,2017/11/24 21:40," 非常好看，观众朋友们（尤其是家长）请带好纸巾
        "
60,Viololaa,力荐,2017/11/10 13:02," 原汁原味的墨西哥文化，竟然一点都没有 cultural appropriation 的感觉，皮克斯团队做足了调查诚意一百分！！！ 
        "
13,炫3D,力荐,2017/12/3 9:18," 一直很喜欢看动画类作品，因为可以抛开演员的因素单纯的看到电影的内容，不夸大也不贬低，这是一部很有感染力的作品，一包纸巾也许不够，亡灵的世界也如此温暖，真好！ 
        "
33,毛香菇,推荐,2017/11/24 16:39," 喜欢亡灵世界的设定。人要死两次，第一次是自然死亡，第二次是人们遗忘你的时候。
        "
16,Blue Monday,推荐,2017/12/2 18:59," 生年不满百 常怀千岁忧。大部分人不管怎么努力，能在人间留下印记的时间也只有百年吧。
                
                <a class=""source-icon"" href=""https://www.douban.com/doubanapp/"" target=""_blank""><img src=""https://img3.doubanio.com/f/shire/c541f3cbc321589b29d7c7b6d00e620243f224d9/pics/comment/iphone.png"" title=""发自iPhone"" alt=""iPhone"" rel=""v:image""/></a>
        "
23,*ST-MachineGUN,力荐,2017/12/2 22:26," 看到最后情绪都快坚持不住了，泪如雨下。想起了自己的父母，所有理解自己宽容自己支持自己的至亲都离开人世，现实中都是对着自己的人。实在是太想念他们了，希望父母在天国一切安好，我会永远记住他们。
        "
13,佐仓杏子,推荐,2017/12/7 13:39," 亡灵世界的基础是活着的人的思念，很唏嘘。
        "
16,金正峰江湖骗子,力荐,2017/12/22 8:48," 哭
                
                <a class=""source-icon"" href=""https://www.douban.com/doubanapp/"" target=""_blank""><img src=""https://img3.doubanio.com/f/shire/c541f3cbc321589b29d7c7b6d00e620243f224d9/pics/comment/iphone.png"" title=""发自iPhone"" alt=""iPhone"" rel=""v:image""/></a>
        "
17,Morning,推荐,2017/11/26 1:52," 好哭。优缺点并存且被放大，在人设和反转上过于粗暴，导致情节一开始就能想到末尾，而电影也似乎不想经营这一方面，将更动人的地方去到了描绘亲情的细节。coco那几声“爸爸”真的是感人，全片是因这个而支撑起来。
        "
14,桃花石上书生,推荐,2017/12/8 22:08," 讲真也是很好看，节奏舒服，但是情节和主题都是偏弱的，有人说可以媲美《千与千寻》这就过分了。
        "
14,皮革业,推荐,2017/11/28 17:14," 应该是Pixar2010年代最佳了，能选取墨西哥亡灵节来开发项目也真是大胆，美术呈现也足以秒掉《头脑特工队》之类的架空题材。剧情上的套路狗血也可以被谅解，这毕竟是墨西哥，必须来点儿拉美肥皂剧式的戏码啊……
        "
21,三七莲华,推荐,2017/12/2 21:43," 平心讲pixar做设定和讲故事的能力登峰造极，就是那种每一个梗都能猜到还是会被煽情得哭，内核非常保守，我其实比较期待讲一个天才音乐家为了追求梦想而辜负家人的故事。但是……毕竟是合家欢电影么。
        "
29,lowdive,力荐,2017/12/3 11:27," 李肉丸小盆友第一次到电影院看电影。她还是不到年龄看这样的动画片，一直在说scary, 要不是一桶爆米花可能撑不到电影散场。而我，自从她出生以后，就受不了这样讲父女之间的电影了。上一回这么感动还是看“星际穿越”的时候。
        "
19,斑陀螺,推荐,2017/11/26 1:22," 这部片让我明显的意识和认同到商业电影除了是一种艺术表达的载体更是一种工业。
迪士尼为代表的影视工业最可怕的一点 (当然也是优点) 就在于, 80分的不过不失的故事, 在先进技术支撑的一流的美术资源的加持下, 可以发挥出120分的感召力 (破坏力)。
        "
20,游牧人・芳汀,,2017/11/25 21:58," #电影院#本地只有国语排片，本来以为是国语配音英文配唱，万万没想到唱歌的也是国语，本很感拥那楣ll出颍观影感受真是一言难尽。。。。
        "
40,nebgnahz,力荐,2017/11/22 15:44," 虽然故事大概可以猜到，但是 Pixar 的执行充满了细节，因为剧情哭了好几次的说。之前听 Danielle Feinberg 讲背后制作的小细节，鬼城场景每帧 100 小时的渲染碉堡了，为技术感动。
        "
17,太阳共和国,还行,2017/12/3 11:39," 有了孩子之后，便对亲情之事愈发敏感，所以观影之前我很难想象看到一半会有点不耐烦。故事本身如何不重要，重要的是如何去处理这个故事。影片故事的编排技巧极教科书式，极程式化，出现了一个角色，或段落，便很容易让人明白它之后的意图，思维很容易就走到电影前面去了，难以被它带节奏。
        "
30,马克爱马克,还行,2017/11/27 8:42," 除了音乐，都很低幼。剧本简单俗套，可预测性极强；煽情桥段也没玩出什么花样，倒是墨西哥和音乐这两个主题的设定有点意思；最让人失望的是人设，狗和埃克托都是非常有潜力的角色，但是塑造的非常扁平，既不可爱、也不可笑。不是烂片，但严重过誉。
        "
27,尉迟上九,推荐,2017/12/1 15:19," 猛戳泪点，想起了早逝的亲人，让人服气的皮克斯，看来看去也就换了个墨西哥包装讲了讲生死间的故事，核心不变，但总能拨动观众心里最脆弱的那根弦，活得太现实反倒会失去很多快乐和感动，很多时候唯有对死后报以天真的幻想，才能慢慢冲淡内心的悲伤和遗憾，担起这生命不可承受之重。我们终将会被遗忘。
        "
30,猪大腿,力荐,2017/11/25 14:04," 开映前特意买的nachos代替爆米花。这应该是去年以来好莱坞示威川普最成功的一次？说回电影本身，这一碗墨西哥家庭装玉米浓鸡汤，社恐恐婚恐育的我带着泪干了。
        "
25,国王KING,力荐,2017/12/2 11:49," Remember me
        "
17,法兰西胶片,推荐,2017/11/24 18:28," 三星半。情感大过技术，技术大过梗。皮克斯的《小倩》+《再生号》，不求脑洞深，只要煽情真，导演这方面的技能和《玩具3》一样凶残，看的人眼泪直打转。
        "
20,大头绿豆,力荐,2017/12/1 20:58," 三岁的娃看完，问他最喜欢谁，他说喜欢那个刚出生的小妹妹，理由是「我刚出生的时候也是那么小的」。所以，在娃他妈居然还妄图问他「你会记得妈妈吗？」的时候，我只好暗地给了她一个「就他这智商，你还指望他正经回答你，你四不四洒」的眼神。
        "
28,迷宝,还行,2017/11/28 22:45," 父母皆祸害 谨慎信鸡汤… 看到后来有点腻味
        "
19,荞麦,推荐,2017/11/27 13:56," 虽然老套但真的很美妙。但被谋杀那段也实在太黑暗太残酷了。但被美妙遮蔽了。
        "
13,邓若虚,推荐,2017/12/5 23:12," 不算是皮克斯最好或者最具创造性的电影。有很好的点子，但仍然是个传统不出格的故事。跟前两年的《疯狂动物城》和《头脑特工队》相比，惊喜少了一些。但这丝毫不妨碍皮克斯在讲故事的技巧上越来越熟练，它有着大部分作品都无法企及的自然流畅和浑然天成。谢谢这种稳定水准的多年陪伴，它给了我安全感。
        "
9,品客,推荐,2017/11/24 20:08," 前面套路化的剧情很快被最后的情绪段落光芒所遮盖，自星际穿越后很久没有在电影院里看过如此令人动情的电影了。4.5
        "
45,拐 ,推荐,2017/11/28 22:06," “死亡并不是真正的告别，忘却才是”。
        "
12,麻绳,推荐,2017/11/26 18:30," 不太像皮克斯的作品，太直给了。很重要的两个梗都提前猜到，所以惊喜也欠奉，更谈不上被感动哭……但视听系统很完美，音乐和造型都可爱死了。
        "
12,抓住夏日的尾巴,推荐,2017/12/24 23:14," 被安利了很久然后看的，总体开始感觉很不错，但是剧情有bug吧？不是有凡间的人记住就可以在亡灵那里活下去吗，那么小男孩和艾德分开的时候犹豫不决干嘛 我好着急 主题就是家人最重要 但是为了家人放弃梦想吗？二者不可得兼吗？
        "
19,瑞卡斯Ricas,还行,2017/11/30 9:47," 如果死了后还要靠别人记得才能存活 那还有什么意义 只不过是去了另一个更痛苦 更分三六九等的世界罢了
        "
20,Lottie,力荐,2017/11/26 0:28," 特别好的故事，世界太丧了，看点温暖的电影吧。
        "
13,blossom,力荐,2017/12/3 15:06," 很治愈，反转很棒
梦想重要，家人也重要
原来那个世界也可以这么热闹
        "
0,背锅侠铁罐罐,推荐,2017/11/24 22:50," 瑰丽而温柔。
        "
25,谭不爽,力荐,2017/11/30 20:20," 两个家庭至上的人在影院哭得稀里哗啦，家人是这个世界上最重要的存在，不管他们还在不在身边，爱的记忆永远在我们的生命里，不会消失
        "
9,爱吃糖的反派,力荐,2017/12/26 23:58," 特别好看，画面美剧情也有趣。
                
                <a class=""source-icon"" href=""https://www.douban.com/doubanapp/"" target=""_blank""><img src=""https://img3.doubanio.com/f/shire/f62b2d2de3fc4a56d176b01cc3bbd47d2681fb38/pics/comment/android.png"" title=""发自Android"" alt=""Android"" rel=""v:image""/></a>
        "
28,一舟,力荐,2017/11/22 16:41," 我一直说 好羡慕拉美文化能够这么成功地输出 我对拉美文化真的都是好喜欢 他们还make joke of Frida 太可爱了！ 生与死 爱与恨 家庭和梦想 真是处理得太棒了 年度最佳之一
        "
16,王食欲,推荐,2017/12/17 19:20," 该类亡灵题材在广电是不予通过的，但由于审片时看哭评委，被破格引进。
        "
16,钟螺,还行,2017/12/3 2:27," 一碗货真价实如包装图片所示的方便面，但加再多红烧牛肉也仍然是方便面。纯熟商业流水线制品，观众情绪走势图都快打到脸上了，在精彩画面音乐下叙事与价值观仍显得保守平庸。冥界是拿迪士尼乐园做的场景设计，觉得这里有个很谐的隐喻：爱与梦想的乐园里资本主义长青。
        "
16,我不是盆栽啊,,2017/11/24 23:11," 好喜欢原名 Coco。第一次发现家人真的会在亡灵节回来的时候，太动人了。不小心买错票，买成了4D的，整场椅子都在不断抖动。
        "
9,吃瓜少年,推荐,2017/11/27 20:10," 内容很饱满的动画片，唯一的遗憾是看的不是原音版
        "
8,司空看电影,推荐,2017/12/29 20:23," 结局即在意料之外，又在情理之中。我开始以为他是他的爸爸，后来发现他不是他的爸爸，最后知道他真的是他的爸爸。
        "
12,远子,较差,2018/3/6 21:43," 你们真的很爱哭……
        "
18,太常寺协律郎,力荐,2017/12/3 15:58," 从埃克托给老骷髅弹吉他那里就哭的不行，一直到最后，在电影院里把3D眼镜拿下来擦了好几次。后面的反转全程泪目，死去的人，只有被活人记住才能在亡灵日跨过花瓣桥去人间，逝者靠生者的记忆才存在。
        "
6,SydneyCarton,推荐,2017/12/4 22:47," 三星半，大部分剧本挺平庸的，比头脑特工队和疯狂动物城要弱很多，但核心概念终极死亡真好（虽然不能细究，不然查尔斯・曼森在那个世界也会不朽的），而且最后实在挡不住连环夺命煽，连片名都低调地煽了一把。
        "
14,River L,力荐,2017/11/16 16:09," 非常适合家庭看得一部动画片，反派不用很出彩照样可以讲出很棒的故事，墨西哥元素和音乐让我想起在墨西哥的那几个月，很有感觉。对我我这样对家庭表面有些疏远的人来说，依然感动得有点湿润。
        "
22,Suito,较差,2017/11/26 19:46," 平庸
        "
19,粟冰箱,力荐,2018/1/12 22:20," 能把“生死”这个沉重的话题拍得这么轻盈、忧伤又温暖，真是太美太好看了。生命不灭不息。
        "
16,科学家种太阳,推荐,2017/11/25 14:37," 没有让人担心的政治正确，虽然故事非常套路，但很美，值得一看。BTW，梁家辉 虽然台词几乎没有，但演技非常赞。
        "
12,何小沁,力荐,2017/12/3 21:10," UME居然放国配而且所有文字都汉化了，再加上“全家反对追求梦想”的俗套开头，前五分钟憋了一肚子槽点，不过往后就太好看了。告诉孩子逝去的亲人们仍在另一个世界爱着你，多美好啊。墨西哥亡灵节，炫目的天上灯市，搞怪骷髅和爱波瑞吉，当然一切的背后都是皮克斯的无敌技术和扎实叙事，歌也好好听啊。
        "
14,Russell Funny,推荐,2017/11/25 22:50," 报告一下 我又哭成了残疾人 （追星有风险啊朋友们！
        "
48,z e b u l o n,推荐,2017/11/16 23:15," 还不赶紧自拍？！人类需要照片！coco叫爸爸的时候 想到星际穿越... 在墨西哥背景下不算道德捆绑啦
        "
9,非有非无,较差,2017/11/30 22:59," 无感。骷髅头神马的一点也不萌。配乐比较失望。
        "
14,刘小昭,推荐,2017/12/6 21:40," 因为太爱皮克斯，所以难免有些苛刻的给了四星。亲情一秒就能触到泪点，故事完整，场景绚丽，小小遗憾就是亲情和梦想并不应该是非黑即白的对立。有很多值得国内电影学习的处理方式。实打实的四颗星
        "
21,寓目,力荐,2017/11/25 15:22," 二刷《COCO》注意到一个细节，虽然是玩笑话，但是会说想让你死的人果然不会是亲人…
        "
64,lzh李,推荐,2017/11/15 10:27," 死亡是生命的另一种补充。
                
                <a class=""source-icon"" href=""https://www.douban.com/doubanapp/"" target=""_blank""><img src=""https://img3.doubanio.com/f/shire/f62b2d2de3fc4a56d176b01cc3bbd47d2681fb38/pics/comment/android.png"" title=""发自Android"" alt=""Android"" rel=""v:image""/></a>
        "
26,mumudancing,力荐,2017/11/25 20:37," 皮克斯近十年超越《玩具总动员》的佳作。故事充满想象力，视觉、音乐美轮美奂，最动人的是故事的真谛，超越梦想和生死。
        "
24,黎霹雳,力荐,2017/11/25 20:34," 哈哈哈吓哭了身边好几个小孩
        "
8,indicent time,力荐,2017/11/25 22:13," “爸爸，你会停吗？”“当然会啊，我们会比你们先停。”“你们要替我们走没走过的路，去探索未知的世界，让爱传递下去。”――看完coco以后，《极限挑战》的这段话又浮现在了脑海里
        "
17,苏先生,力荐,2017/12/3 16:27," 买错了票，买的国语场，一群小朋友，我看得本来就很感动了，眼泪在眼眶里打转，结果被一群小崽子哇哇大哭，把我的眼泪引得直往脖子里灌，还有一个小男孩哭的差点背过气，家长赶紧说别看了别看了，平静一下。
        "
11,Adieudusk,还行,2018/1/8 12:24," 故事特别讨厌，好莱坞化场景特别讨厌。但是这种好莱坞化的故事，却很清楚地介绍了墨西哥的“亡灵节”（The Day of the Dead, Dia de los Muertos）的习俗。我曾经看过几个墨西哥艺术大展，展中有关于这种习俗的介绍，也看过有关的文章，都没有这个好莱坞故事讲这个习俗透彻。深刻感受到了通俗的力量！
        "
24,离开拉斯维加斯,推荐,2017/11/20 23:35," 音乐梦包裹的家庭亲情，墨西哥文化外壳下的美式主流价值观，色彩斑斓到近乎光污染，一场华丽的流水线匠气之作。比同样讲墨西哥鬼文化的《时间之书》和吸收日本文化的《魔弦传说》都要好，只不过这种好是工整大于创新，保守大于新意。如果皮克斯继续再以搞笑温情催泪为标签，那与韩国电影将无任何差别。
        "
32,Shelia Liu,力荐,2017/11/25 12:19," 这几年来看过唯一值得全场鼓掌的动画电影！
        "
18,daparo,很差,2017/12/8 21:06," 要么永恒，要么繁殖；要么梦想，要么家人。多么可怕的内核，不明白高分和哭点在哪
        "
14,小川叔,力荐,2017/11/25 18:44," 结尾大反转！！！好棒！
        "
11,陈哈,推荐,2018/1/7 18:02," 除了主打家庭概念，还有一条不弱的副线：如果你没有后人，或者你活着的时候不足够出名，那么，你被人遗忘的那天，在阴间会迎来“终极死亡”。所以你要么得有后代（且不论后代是否会遗忘你），要么得足够有名。皮克斯也会给小朋友灌输这，嘿嘿。。。
        "
9,大耳朵_,还行,2017/11/25 22:47," ()看了没多久我就自己脑补完剧情了……看得我有点犯困
        "
17,颜小兽,力荐,2017/12/4 8:20," 这个电影的核心理念有安慰到今年的我――肉体和灵魂的消逝并不是真正的死亡，被人遗忘才是。只要被记得，被怀念，离开的亲人就能找到归途。想一直记得离开的姥姥姥爷，希望你们也能回来看看我。也希望陪我看电影的人能一直陪着我。
        "
25,what'swilliam,推荐,2017/11/20 20:26," 4.1星。1.在“梦想+家庭”的旧酒里，皮克斯用想象力和技术造了一个完美新瓶子。2.看到曾曾祖母Coco就好想哭。3.那个被家人遗忘而消失的人，和头脑特工队的bingbong有异曲同工之妙。4.皮克斯再次证明，比起技术，故事情感才是王道。5.全场啜泣也是近来少见。6.家庭和梦想二选一的问题，皮克斯处理完美。
        "
6,Tyger Tyger,推荐,2017/12/2 18:35," 音容消寂的先辈教导了我们，但仍是一只带有亡灵封印的美式故事盒子。
        "
12,Chloooe,力荐,2017/12/3 13:05," 我想，只有从事艺术的人更能理解这部动画片，一边看一边哭。我身边有太多同学朋友因为家人的反对或现实的压力，放弃了最热爱的专业，痛苦的做着现在不愿意做的工作。人生何其短，有一份爱好来执着是何其幸运。给自己多一些人生可能，抓住自己的爱好吧，不要放弃。
        "
1,北之岚,力荐,2018/1/25 21:19," 第一次看一部动画片哭抽三次……之前是看16年的世界一隅哭抽两次。看完去听原声，又是眼泪止不住，像喝醉了一样头晕胸闷
        "
35,S棠,力荐,2017/11/27 20:53," 带妈妈去看了Coco，因为前几年外公的离世，也因为我生病她不能两边照顾周全的缘故，妈妈对外公一直心有愧疚，看电影的时候她抹了好几次眼泪。看完电影我说“下次不会再说动画片是拍给小孩子看的了吧”，她说“嗯。把‘那一世’拍的那么美好。”，我说“这不正是你希望的吗？”
                
                <a class=""source-icon"" href=""https://www.douban.com/doubanapp/"" target=""_blank""><img src=""https://img3.doubanio.com/f/shire/c541f3cbc321589b29d7c7b6d00e620243f224d9/pics/comment/iphone.png"" title=""发自iPhone"" alt=""iPhone"" rel=""v:image""/></a>
        "
9,冰红深蓝,推荐,2017/12/13 20:22," 1.剧作工整扎实,以对抗家庭始,通过反转终至完成追梦与家庭的想象性和解,虽被煽到但未被真正打动。2.墨西哥元素精美细致,弗里达乱入。3.亡灵城与万寿菊桥视效很赞。4.被钟砸死的设定有意味,但对时间与记忆的探讨新意不足。5.骷髅部分设计契同于[僵尸新娘]。6.死后世界还是最爱[可爱的骨头]。（8.0/10）
        "
15,Q。,还行,2017/11/28 10:14," 又一个俗套温情故事，消除隔阂，寻找梦想。这漫天好评，分数还真是虚高。★★★
        "
11,发条饺子,力荐,2017/11/27 22:54," 表情丰富的骷髅和绚烂的亡灵节，理想与亲情的情感内核，深情溢出屏幕，细思极暖。我每一次想到，思念可以是维系阴阳两界的纽带，想到家人在另一边依然没有停止爱我，待我白发佝偻，便可拉着他的手，我就会幸福得热泪盈眶。
                
                <a class=""source-icon"" href=""https://www.douban.com/doubanapp/"" target=""_blank""><img src=""https://img3.doubanio.com/f/shire/f62b2d2de3fc4a56d176b01cc3bbd47d2681fb38/pics/comment/android.png"" title=""发自Android"" alt=""Android"" rel=""v:image""/></a>
        "
22,朱老板,推荐,2017/11/25 23:41," 妈呀！鬼片！
        "
20,白鹿,力荐,2017/11/28 3:52," 自从孩子三岁以后，我们开始带他去电影院看一些电影，这部是为数不多的大人看了也不觉得无聊的动画，孩子也看懂了，出来一直复述故事情节，很棒，值得看。
        "
15,雷托,力荐,2017/11/30 14:43," 调侃死亡 与死亡同寝 庆祝死亡 死亡是墨西哥人最钟爱的玩具之一 是墨西哥人永恒的爱
        "
12,德珈,还行,2017/12/2 14:40," 评分虚高，情节很一般。但是rember me 时候眼泪不自主下来，，，，。小动物的设定很出彩。
        "
7,仙仙美代子,力荐,2017/12/29 13:18," 画面很美，前面那段交代故事的时候用的门页的让我想起小时候贴门页的回忆了，故事设定充满想象，时间不长但是故事丰满，最后时间不够回去找太婆的时候眼泪吧嗒掉，很感人也很欢乐，难得的优秀的动画电影，推荐
        "
11,水怪,还行,2017/12/2 0:12," 家庭与梦想的二元对立的设置本身就特别俗套，而终极催泪弹“死亡是无法被人记起”的情愫，我感受到的只是一种游戏设定。♀ 画风堪称绚丽，但情感和观念层面的确没有什么触动。
        "
23,路人Eita,推荐,2017/11/24 19:14," 几乎每一个主题都是烂熟于心，每一个转折都在意料之中，依旧无可避免地泪流满面。因为墨西哥人绚烂如梦的亡灵国度，是我仅见过对死亡二字最坦诚的拥抱。因为被铭记而灵魂不灭，尽管于世界不过只是轻如微尘的过客，但当照片被置于祖辈的灵坛，他朝魂归有处，后人缅怀有时，这才真正叫做家人的羁绊。
        "
18,Zooey,很差,2017/11/30 19:02," 对，我看了，我觉得我被套路的情节情感绑架道德绑架了。音乐个屁啊，大家别从事其他生产活动了，都去做音乐吧，音乐最他妈的重要最他妈梦想了。另外，家庭观念大过一切是吗，家庭关系不好的人literally不得好死是吗？快到结尾的时候就差字幕上写出来“你快哭啊你快哭啊”。去你妈的，我就是要打一星。
        "
10,小猪大侠,力荐,2017/11/25 18:12," 隐形眼镜都哭掉了…皮克斯又赢了。
        "
12,望月封道,力荐,2017/11/25 18:52," 亚历山大、成吉思汗、拿破仑、希特勒未竞的事业，由皮克斯来完成。
        "
15,bookbug,力荐,2017/12/5 20:32," 都说America dream是好莱坞永恒的主旋律，其实本片贯穿始终的脉脉亲情在与梦想的决战中完胜，狠狠地打了梦想至上者的脸，从这个角度讲，英文片名coco远胜中文译名！总动员和环游记们早该歇歇了！
        "
9,纤纤,推荐,2017/12/21 15:15," 用亡灵世界治愈现实伤痛，果然动画是最温馨的口粮。
        "
34,\f,推荐,2017/11/13 21:47," “生活内外，记住所爱之人永远都很重要”，这是今天受邀迪士尼影业《寻梦环游记》提前看片后的最大感受。
        "
28,童孝贤,,2017/11/24 13:54," 记忆是人来到世上最宝贵的东西，你生出来的孩子将永远在心里无条件的爱你，这是你来到世上最了不起的祝福和功绩。虽然我不喜欢被弹出的眼泪，但依然感激，此生与我的家人相遇~
        "
15,莫吉托,力荐,2017/12/1 22:24," 如果真的存在这么一个世界该有多好啊
        "
22,元茜姑娘,力荐,2017/11/26 20:28," 剧情画面节奏音乐都敲棒！完全没看够！
        "
13,草威,推荐,2017/12/3 19:25," 皮克斯总能在从没变过的母题下找到温暖的设定，使电影院里传来女孩的抽泣声。
        "
21,JulyChan,,2017/11/29 9:47," 可能先前被舆论造得期望太大，看完电影并没有用掉一张纸巾，几乎感到自我怀疑。不过有些情节和伏笔确实还是套路了，但不影响渴望温情的大家用眼泪埋单。亡灵的生灭全凭活着的记忆来决定，这个设定有趣又残酷。
        "
13,小六哇啦啦,力荐,2017/12/2 0:12," 引用计数为0的时候就会被垃圾回收…
        "
6,何倩彤,还行,2018/1/6 19:46," (3+) 一、美g很棒但音芬话悖「是 每次都是靠音坊蜢`F斫。 二、比^在意小孩子影的角色正邪已非黑即白，要以死亡碜鳜F眼蟆⒛萌罕g呼d，真不太好。三、亡`相信死去的H人回F聚，但中的清明是蜗虻涯睿膜拜，鬼是亡`蜗虻目植莉}_，y怪λ劳鋈绱吮苤M。
        "
29,Castle,力荐,2017/11/24 3:24," 翻译的什么破名字
        "
10,阿朴,推荐,2017/11/28 17:11," 四星刚刚好。家庭牌，梦想牌，主流价值，非常……迪士尼。比较棒的是生死观，亮点也就在这儿。催泪功能比较强，只要有亲人朋友离去的，看到逝者再度消失都会控制不住。在年底临近再无强敌的情况下，确实可算年度最佳动画了。
        "
14,Mecycross,力荐,2017/12/9 13:12," 人类啊，穷尽所有想象力去对抗分离。这种对着虚空幻想花桥的姿态，本身就是让人落泪的事。
        "
8,盲忙,还行,2017/12/3 19:04," 肯定不是皮克斯最好的，但一定是皮克斯最丑的，每一个人物都很丑，为什么把墨西哥人设计的像印度人？制作和设计都无比精良，但皮克斯丢失了自己最赖以生存的创新内核，和片中的人物只剩下骨骼刚好相反，片子本身失去了最重要的骨骼。强行灌输保守的家庭价值观，对其他人是非常不友好的一种做法。
        "
24,l ǐ,力荐,2017/11/25 12:16," 毕竟“家人”永远是我们最柔软的泪点啊。
        "
11,vivi,推荐,2017/11/25 17:48," 妈的前半段明明就很无聊，总觉得这才是“嘉年华”而不是什么“环游记”，可活生生就被后面那么大一个套路弄哭了，后看《嘉年华》以及过后想起来还忍不住流泪。我的外公9岁与姐姐分开，从此分隔地球两端，他说一辈子都还爱着姐姐、想念着她，而且相信她对自己也是如此。他们应该能在另一端相见吧。
        "
12,巴伐利酒神,还行,2017/11/27 14:03," 亡灵节的设定非常赞，地下世界表面天马行空，内里还是有些流于皮克斯式俗套了。剧情就不提了，中规中矩。考虑到给头脑特工队打了四星，这个就三星吧。
        "
14,沈入忘,力荐,2017/12/3 17:49," 《说文》说，人所归为鬼。鬼本来就是我们故去的祖先。这些道理早就知道，但看完之后有了更具象的认识，漫天的花瓣，供奉的照片，还有我们和祖先难以割舍的联系。
        "
6,蒜 | BOY A,推荐,2017/12/1 1:22," 提前一个星期做好了准备，去电影院里哭。皮克斯的动画已经看出套路了，快节奏的剧本，艳丽的画面，动人的细节，点睛之笔的歌曲，主角一路披荆斩棘完成“自我认同”，以及最终收获家庭温情恒古不变的主题。无论是放在什么背景，故事框架之下，总是可以戳动人心。我们看的第二部电影
        "
9,.,较差,2017/11/29 18:09," 嗯 不好。唯一记得的点是，埃克托边弹吉他边唱：if I were not so ugly，she’d possibly give me a chance。可能是片里最正常最温情的一个瞬间。
                
                <a class=""source-icon"" href=""https://www.douban.com/doubanapp/"" target=""_blank""><img src=""https://img3.doubanio.com/f/shire/c541f3cbc321589b29d7c7b6d00e620243f224d9/pics/comment/iphone.png"" title=""发自iPhone"" alt=""iPhone"" rel=""v:image""/></a>
        "
15,Joy,力荐,2017/11/26 19:57," 全影院的人一起笑，一会儿又一起吸鼻子
        "
13,哈卡,还行,2017/11/25 20:04," 常规操作，都high个什么呢
        "
12,章伟,很差,2017/11/26 11:06," 被高估的儿童片
                
                <a class=""source-icon"" href=""https://www.douban.com/doubanapp/"" target=""_blank""><img src=""https://img3.doubanio.com/f/shire/c541f3cbc321589b29d7c7b6d00e620243f224d9/pics/comment/iphone.png"" title=""发自iPhone"" alt=""iPhone"" rel=""v:image""/></a>
        "
9,Vamei,推荐,2017/12/19 15:53," 故事价值俗套，但呈现技术一流。
        "
9,艾晨,力荐,2017/11/27 18:05," 2017298.成功煽哭，稀里哗啦。
        "
9,某J。624,推荐,2017/11/28 21:46," 其实你都能猜到，每一个反转每一个人物，却依旧一不小心就被泪奔。也许这就是为什么，同样的核心，有些成佳作，有些烂大街，讲好一个故事永远是最基本的。遗忘与怀念的话题永远都是我的软肋……我会记得你们，直到被死亡带走，可我一直好想有人告诉我，你们很爱我。PS：死后的世界同样三六九等。
        "
13,姜老刀,力荐,2017/11/26 0:15," 供奉的遗像和记忆里还存在的故人可以带他们回家团聚这个设计简直太暖人心了。
        "
9,Whale,还行,2017/11/29 18:03," 还不错。没有宣传的那么夸张。是个好片子。
        "
6,is4dog,还行,2017/12/3 20:51," 期待太高了…前面合格但不惊艳，老骷髅那儿不错，最后半小时是催泪的，但整体就那样……豆瓣给9.0分……这和我们文化羞于谈死的意识形态有关吧
        "
17,你大立,推荐,2017/11/25 19:01," 世界都是人编织的，梦也可以编织。皮克斯编织的这个梦太美好了，场景梦幻，亡灵国度梦幻。死者靠生者记忆而存活，而消失，一切都是好梦。墨西哥人，永远爱弗里达～
        "
5,樱花花花花,还行,2017/12/7 4:37," 我觉得一般吧，可能是好多人推荐所以心理预期比较高。题材和设定挺好的，墨西哥元素，生与死，还有亲情，但是首先生死的话题我觉得并没有讲得很透彻，没什么深度，其次亲情的部分也挺老套的，剧情也比较套路，基本上我看一个开头就大概猜到结局了，里面的歌也算不上写得别致，画风也不是我喜欢的类型。
        "
10,舟菖蒲,推荐,2017/12/2 23:04," 既然coco一直爱着爸爸和音乐，那么家族里禁止音乐的传统是谁继承下来的？从她妈直接到她女儿而跳过她？难不成她是直接从小女孩变成了老年痴呆吗…以及太过大团圆，优点就不用我说了，综上减一星
        "
9,杨大志°,力荐,2018/3/25 18:51," 给coco唱歌那里真的是泪目好久没看过这么让人感动的电影了。本来以为是很俗气的追逐梦想的电影。满分。
        "
9,马什么梅？,推荐,2017/11/28 22:30," 片中反复唱了好几遍的主题曲<记住我>，无论歌词还是旋律，都真的记不住啊。作为一部讲主人公追逐音乐梦想的电影，原声却这么平庸，有点可惜呐。
        "
7,Ericaholic,还行,2017/12/3 1:21," 好哭但是没那么好看
        "
16,神威,力荐,2017/11/30 21:16," 最简单的最动人，在米格说很自豪和维克托是家人，维克托眼睛一亮，有不可置信喜悦的时候端不住了，在对着老耄奶奶唱请记得我那一幕彻底泪崩，标准的泪流满面，另外，这片子好多让我想起77的地方
        "
9,帝国绝赞獭公司,推荐,2017/12/3 23:14," 精致平庸，皮克斯俗套。音乐加分bytheway：人家爸爸used to 给coco唱remember me，我的爸爸used to给我做五年高考三年模拟
        "
10,萌发奇想,推荐,2017/11/27 18:26," 那个哭花眼镜半天找不到餐巾纸，最后只能拿手擦的傻叉就是我TT，故事太敲动人心，有欢乐但更多的是感动，人生最重要的是家人，喜欢动画的原名Coco，这个名字承载太多感情，最后一家三口团聚的画面真是让人破涕而笑，今年院线最喜欢的动画长篇，明年奥斯卡的得奖种子之一！
        "
7,比多,还行,2017/12/4 21:37," 被宣传骗了。有点一般。
        "
46,家常豆腐88,力荐,2017/11/24 13:58," 巨型催泪弹，死亡不是结束
        "
6,小克,推荐,2017/12/7 13:32," 其实我对里面的音乐一点都不感冒，但是在remember me响起的时候，还是忍不住泪流满面。想起了我在天上的爸爸。
这是和某人一起看的第一个电影，记一笔。
        "
6,更深的白色,推荐,2017/12/3 20:51," 总能在奇思妙想中抓住人类最深沉动人的情感，这是皮克斯最独一无二的地方。
        "
9,塞西蒙得,较差,2017/11/26 19:42," 浪费设定，刻意的泪点，歌曲难听，迪克斯无药可救
        "
20,筷喜旺,推荐,2017/11/28 20:29," 不希望有人拿着这部电影大做文章，劝别人生孩子因为不然你死了很快就会被人忘记然后消失。
        "
7,Pola,力荐,2017/11/16 17:39," 【全是剧透】第一个泪点是Chicha。Pixar典型笑中带泪。仿佛回到Oaxaca的街道。Imelda唱起llorona。Abuelita，抱住！万寿菊铺就的回忆。是否会有人记得我？（身为乙方狗第一次做KOL！感谢迪士尼感谢豆瓣。（回家补个长评
        "
16,大O,,2017/11/27 10:04," 创意主题结构人物世界观没有一样能值五星，太平庸了
        "
8,乔植,力荐,2017/12/16 22:48," 好好看我好喜欢，到后面越来越感动让我看哭了，亲情真的很能戳中我的泪点！幸好没错过
        "
14,帕拉多克斯,还行,2017/11/28 0:24," 依旧卖萌欢乐合家欢，以及大家都爱的正能量。对黑化人物描写苍白，很脸谱啊。
        "
16,skysheep,力荐,2017/11/24 13:53," hope you could remember me
其实我最喜欢的歌是 Everyone knows Juanita.他唱的时候，我心里有一个声音跟着说：If I weren't a girl, she'd possibly be with me.
                
                <a class=""source-icon"" href=""https://www.douban.com/doubanapp/"" target=""_blank""><img src=""https://img3.doubanio.com/f/shire/22e2e68586eef229d8439963d6748a56ba1e4b33/pics/comment/wap.png"" title=""发自WAP"" alt=""WAP"" rel=""v:image""/></a>
        "
3,Dr.WizardLuna,还行,2017/12/8 23:18," 故意使劲儿戳泪点。千方百计把你圈在身边的人，只因为有血缘就是无可厚非的了么？
        "
94,小十三,推荐,2018/1/22 12:34," 这个世界那么大，就算不能世事件件都如意，但又刻骨的记忆，也能换得心中的安宁，如果终于到了用尽全力都不能往前走的时候，灵魂还能飘荡于世，眼睁睁看着在无人记得我的那天到来，该是何等绝望孤寂的光景啊。这电影转足了眼泪，我们不舍亲人离去，奢望用记忆，好像真的只要我们不忘，他们便不会走
        "
88,麦垄风来翠浪斜,力荐,2017/12/18 0:14," 真正的死亡从不是生理上的消亡，而是被人遗忘，被人永远记在心中那是真正的永生
        "
15,Merov Mugatu!,还行,2017/11/25 15:15," 简直像迪士尼做的，皮克斯说起伐木累来和其他片子并没什么不同，令人抓狂――每次刚有点好感就没了
        "
7,飞进耳廓的飞蛾,力荐,2017/11/28 22:47," 从进入亡灵世界就精彩起来 有笑有泪 故事 音乐 画面都无可挑剔 梦想外壳下包裹的亲情弹 真的直击内心了永远不要忘记你的家人有多爱你 要一直和他们在一起
        "
7,焚,较差,2017/12/4 7:30," Reader兄的短u依f客獾犀利。「君不见Pedro Infante的后人这几天抱怨Pixar没问一声就用了老爷爷形象的新闻可有多么反讽？英语媒体竟无人报导。我说老墨啊老墨，这只是肖像权的问题么？」@不就是把人家的民英雄拍成⑷嗽截的汗幔吭倏础逗Ｑ笃嬖怠罚皮狄如今著是沆瀣一饬恕
        "
2,尘飞扬・电影,还行,2017/12/10 12:36," 3.5星。看得老泪纵横还是要说一句非常不喜欢故事设定，个人理想与家庭冲突到了你死我活的地步。设定局促，造成反派单薄到可耻，家庭至上的价值观单一能让人接受，但细想之后又多少让人不舒服。结尾又唱又跳合家欢的设定，生硬。
        "
6,然悔悟,还行,2018/3/27 18:58," 没有我想象的那么温情感人
        "
12,薇_尼卡,推荐,2017/11/30 1:02," 没大哭但也没睡着，算是扯平。开头的剪纸非常惊艳，结尾的歌曲也异常催泪。望家人喜乐平安，以及尽量不要遗忘。PS：非常想去墨西哥亡灵节看看了。
        "
23,俺困,力荐,2017/11/24 21:51," 没抱多大期待，结果严重超出预期，很久没有看电影被感动到了。另，西班牙语真的是世界上最浪漫的语言没有之一，里面的歌都好美。
        "
7,怀山鹿,力荐,2017/11/29 22:57," 谈论死亡、灵魂的动画片，人会经历三次死亡，一次是肉体死亡，第二次是葬礼的死亡，第三次是世界上最后一个记得你的人也死了，那么你就真的死了。很感人，动画细节也很好，故事很佳构，节奏也还行。主要是三观很吻合。
        "
10,白发生,力荐,2017/11/28 23:30," 生者不忘，逝者不亡。记忆是联结两个世界的桥梁，让分离的亲人得以继续守护相望。皮克斯以超凡技术融合异域风情，打造出绚烂夺目的亡灵世界；用温情故事传递普世价值，诠释了关乎生死的终极命题。梦想与家人的矛盾化解稍有缺憾，好在被结尾的情感冲击所淡化。深入浅出的境界，原创作品的胜利。
        "
4,Zitsunari,推荐,2017/11/26 22:30," 流下了①滴泪
        "
13,山水烟花,力荐,2017/11/25 16:52," 无以复加的关于亲情的初始感动。迪士尼×皮克斯，百分之百戳中我的point。亡灵节，原来也可以是团聚日。亡灵世界美轮美奂。
        "
4,新桥妖妖,推荐,2017/12/16 10:06," 很棒，孩子们又可以多一份新的奇妙之旅了。
        "
6,T.V.Zoe ,推荐,2017/11/28 21:21," 还以为错过泪点结果最后被疯狂打脸哭到抽搐 片名起的真好啊！你们知道coco有多努力吗！！！
        "
5,xīn,,2017/11/25 12:16," Shattuck Cinemas 2017.11.24.4pm 3D版。太适合意识形态分析了，所有的情节意义都如此清晰。
        "
10,Pearciac,很差,2017/12/2 22:44," Pixar这是黔驴技穷走煽情路线了吗，当年Ratatouille剧本的精致度去哪了
        "
7,为人帅表,推荐,2017/12/2 18:28," 这部电影告诉我们一个普世价值观：阴间亲人的生活水平取决于我们提供的供品。穷人还是穷人，富人还是富人。努力烧纸吧！
        "
106,Bless_U,推荐,2017/12/24 12:50," 趁着快下映之前去看了。很温馨的世界观，已故之人因为亲人的缅怀在另一个世界也可以过得很好，他们的爱被代代延续下去。家人之间没有什么不可以原谅的，而且支持是那么的重要。
        "
11,爱幻想的小孩,力荐,2017/12/3 20:59," 剧本结构真是典范。这个故事还告诉我们：1、不要盗墓 2、人死后也分阶级
        "
9,你好，忧愁！,较差,2017/12/2 21:18," 真的对不起大家，我这么爱哭的人，在周围一片令我惊呆的抽泣声中，我他妈根本没有找到哭点，太可怕了，一片儿哭丧般的感动，而我好像到了错误的葬礼现场，死者我他妈都不认识，我没有情绪，甚至感动都没，我真的是，动画片杀手，真的非常对不起，这个两星，对我来说，很多了...
        "
17,佚谎,推荐,2017/11/24 13:39," 虽然整个故事都可以用标准的hero's journey pattern 来分析，但是最后还是哭成狗。Pixar太知道怎么引起观众共鸣了
        "
9,Dominique,较差,2017/11/25 22:44," dont know why i am here
        "
5,衣商饺A斯比,力荐,2017/11/25 12:09," 年度最佳动画片！多次泪崩。适合和家人一起看。亡灵世界的设定很赞。主题曲《Remember me》一曲入魂。值得二刷！
        "
5,查克同志,推荐,2017/11/26 8:09," 剧情没有意外，不过绝对是皮克斯的高水准之作。 大开眼界的世界观构建和细节都是皮克斯的拿手好戏。虽然是老套的家庭线，和墨西哥亡灵节的背景结合在一起，最后还是很打动人。
                
                <a class=""source-icon"" href=""https://www.douban.com/doubanapp/"" target=""_blank""><img src=""https://img3.doubanio.com/f/shire/f62b2d2de3fc4a56d176b01cc3bbd47d2681fb38/pics/comment/android.png"" title=""发自Android"" alt=""Android"" rel=""v:image""/></a>
        "
27,黑十一,力荐,2017/11/25 18:47," 爆哭。只要你记得，你爱的人就没有死去。歌都好好听，皮克斯这种走家庭路线的还能再卖100年。
        "
4,PomBom,推荐,2017/11/27 15:37," 价值观还是太保守了，以决裂始，以和解终。这决裂是温和的，而这和解则是典型的家庭大团圆。
        "
2,zeroasd123,推荐,2017/12/8 13:19," 没毛病但也失去了可能性，但我他么依然在最后看哭了，挺难受的，说的不是这部电影，是指我。
        "
5,左胸上的吸盘,还行,2018/2/1 23:44," 幕后班底基本是目前皮克斯最强。墨西哥化做的好，一个生死界柔和的民俗（鲁尔福向你致意），一个标志人物弗里达，剧情因此得以铺陈。结局当然圆满，但免遭“被人遗忘的终极死亡”让后半段的过程背负着观众的执念呀，给的真聪明。虽然音乐是重头戏，但做的一般，唯曾曾祖母独唱悦耳。家族阻力表现略过度
        "
5,途经一个你,推荐,2017/12/10 21:59," 虽然亡灵世界很奇妙，但死亡的痛苦不想经历两次，死了就死了，干脆利落，痛痛快快的消失掉，这才是死亡的意义。
        "
9,StarLight,较差,2017/11/26 22:46," 抱歉我家庭劾斫獠荒埽不如f^影期gr刻都在眉^o，看相淼募胰司腿滩蛔∫反胃。
        "
17,gegemoon,力荐,2017/11/25 20:07," 看到最后哭崩了，不知道为什么就是止不住流泪。从叙事到画面都充满想象力，皮克斯水平太高。奥斯卡最佳动画长片和原创音乐超有戏。
        "
9,糖醋里脊,推荐,2017/12/7 2:26," 感动(ts)
        "
12,Cure Kuma,力荐,2017/11/25 10:03," 你爸就是你爸，皮克斯就是皮克斯
        "
22,,推荐,2017/11/24 11:03," 【B】“不加任何条件”
        "
82,东篱,力荐,2018/2/6 10:07," 很感人的片子，结尾米格和曾曾奶奶一起唱歌那个直接泪目了，有爱，是多么美好的事情。
        "
15,林怪兽,力荐,2017/11/29 23:00," 「人究竟什么时候会死，是心脏被枪打中的时候？不对。得到不治之症吗？也不对。喝了剧毒蘑菇汤之后吗？当然不是。而是被世人遗忘的时候！」这件事，尾田早就想明白了。我们都不会忘记你的。
        "
28,Cathy,力荐,2017/11/24 12:56," 死亡只是一段新旅程的起点，只有世人完全把我们忘记，生命才走向终焉
        "
9,SELVEN,力荐,2017/11/24 20:07," 81/100 从第一款预告爆出来我就知道皮克斯这次是一定会赚走我的眼泪，因为关于亲人的生与死的话题永远都是最容易触动人心的。kids其实比成年人对死亡更敏感，让他们感到死亡不是恐怖，不是湮灭，而是爱的延续是很好的。
        "
12,Thor(in)Asgard,力荐,2017/11/24 18:37," “To the people across time who supported and inspired us.""
        "
7,劣质的海带酒*1,推荐,2017/12/30 18:16," 那我们这种养橘猫的人死了以后，身边是不是会跟一只巨大的彩色猪啊？
        "
4,各自安好,推荐,2018/3/18 0:10," 经典的皮克斯，剧情完整，细节丰富感人，情感动人，挖掘了不少墨西哥元素，虽然依旧是套路，但是确实也是把套路做的足够完美了。
        "
5,黄小邪,还行,2017/12/9 11:34," 还是比较陈腐保守的，不过聚焦于墨西哥小孩一家人可算diversity的努力。
        "
8,占黑小伙,推荐,2017/11/30 20:46," 生死的连结 上一次被这种设定打动是在昨夜的咖喱 一听remember me就想涛涛了 掉了一点眼泪 他一定也很想我 从前他讲 你想我么 我就想你呀 想必隔着生死也不会变的 
        "
7,南悠一,推荐,2017/11/29 21:43," 寻梦不是它最动人的地方。虽然这片充满墨西哥亡灵节的文化背景，但它的家庭情感关系才是打动我的点，是与我自身的中国文化背景相契合的。电影是对血缘亲情的召唤。米格不像其它动画主角一般寻找自我，他自始至终都明白自己将成为音乐家的梦想。他所寻找的是“父亲”，以及修复家庭关系的某种可能。
        "
6,徐伊景,力荐,2017/12/10 22:38," 印象最深的是太奶奶的妈妈给米格的三种祝福，第一种是要他放弃音乐；第二种是要他们一家人好好在一起；第三种是不带任何附加条件的，这个时候，她相信米格能做出最好的选择了。最感动的一次是那时还是小孩子的太奶奶轻声附和着爸爸的歌声，另一次是已经满脸皱纹的太奶奶跟着米格哼唱...
        "
5,乐山小佛,推荐,2017/11/27 1:02," 最后还是没绷住，哭出来了。一度以为皮克斯完蛋了，现在又开始不给小孩儿拍了，就好很多。超人总动员是中年危机，赛车总动员建立在“美国--汽车”这个独特的联系之上，玩具总动员就不说了。
        "
3,路西法尔,还行,2017/12/19 20:24," 开局的音乐梦想格局不比《爱乐之城》更大，与家人矛盾之生硬则犹有过之，属于一眼能看到头的类型。突然冒出一个生父则奇峰陡转。让人感慨“大人的世界好复杂啊～”可惜竟然不是一个不伦结局……
        "
10,塾,推荐,2017/12/4 10:14," 一部大家都哭我]哭的影，但一雍芨樱】赡苁且橐诽美，亡`的世界太_，想到以後能c所鄣娜酥鼐郏於眼前的xe就]那Ny^了。真正的家人，就是ol件祝福你的人。得，就是永h的陪伴。
        "
7,东村深井冰,推荐,2017/11/27 18:24," 啊 看完想回家上个坟
        "
3,Mumu,推荐,2017/11/24 21:54," 想看嘉年华没想到排片也下班儿了，只好一头颠倒梦中。邻座哥们儿抹泪比我还早，同排小观众最后哇哇哭，童话太黑暗，现实最美好。
        "
14,阿图,推荐,2017/11/29 20:21," 放映厅的灯光亮起，摘下3D眼镜，看见小图的眼睛亮晶晶 ：）
        "
4,影毒肥佬,推荐,2017/11/27 17:19," 8.8/10  美少女在身流I,  我在默默流I........................................我不JR她.....影院就是@....
        "
9,LeungChanXXX,推荐,2017/12/8 19:53," 触动我的反倒不是这种大家族亲情（甚至是抗拒），而是“被遗忘会消失”这个设定。
        "
10,Mr. Infamous,力荐,2017/11/25 22:45," 《生命之书》后，亡灵节的音乐、惦念、爱与来生，有了个更动人的美好故事。皮克斯很可爱，常以人类秩序呈现各种非人类世界，这次则能以来生的斑斓，把死亡的恐惧幻化成花瓣般的灿烂与温暖。虽说依附于传统大家庭的延绵与和解，但短小篇幅，确难照料各种生态。还是暖得鼻酸，而隔壁陌生男人早哭成狗。
        "
14,老h,力荐,2017/12/1 18:29," 反正我也t早被z忘，不如勇敢一c做自己，家人的支持@一理念在下的F家Z嗟阂窒乱呀得脆弱不堪，我在定我的孩子的WI、情感和生活方式都要按部就班幔浚ㄔ片是怎N^的）at 北碚越界 with@58140428
        "
5,Y,力荐,2017/12/1 19:46," 催泪是催泪 但前面也太拖了 剧情也太俗气了 那些小动物也太丑了.....但没关系 不影响
        "
3,mi4d,推荐,2017/11/17 19:57," 墨西哥文化+世代女性持家的大家族背景，中国人反而会比美国人更感同身受。用小孩子的视角来解读家族故事可以过滤掉悲伤沉重的部分，叫《寻亲地下游记》比较合适，不过大概这样就没人会带小孩去看了。电影里音乐不少，但止于表演，人物该说话时还是在好好说话，歌也十分动听，这方面拿捏得非常好。
        "
41,叶叶绯红,力荐,2017/11/19 19:15," 儿时追求梦想，回头看到真爱，坏人终被打败，结局依然完满。都是套路，却让我热泪盈眶。
        "
11,Amberose,力荐,2018/1/14 17:32," 虽然故事略老套，但是真的哭成狗，画面很好看，音乐也好听
        "
8,C罗的小板寸,力荐,2017/12/4 15:58," 三刷达成！皮克斯还是那个皮克斯，不煽情不矫情，用温柔的叙事和小小的故事抓住你的心。
        "
7,小A,还行,2017/12/21 18:18," 技术不错，歌也不错，但是……世界上最遥远的距离，是我的大脑回路和皮克斯故事逻辑的距离。故事太生硬，结尾完美解释了“用爱发电”四个字，只要有爱就可以不顾一切编剧逻辑……抱歉这种水平的故事我哭不出来。
        "
6,走马观花,力荐,2017/12/1 15:11," 好看的，非常温馨的电影。看哭了…动画质感很好，很真实。
        "
11,沐梵,推荐,2017/11/28 0:13," 但凡还在类型片范畴，就能依据细节做戏剧性反推。但只要打点准，效率高，煽情戳，就无惧trick早早被拆穿。煽情不一定烂俗，套路无法抹去感动，关键还是得看点和度，生命不可承受之柔软。亡灵城初露真容时，想起了前年被疯狂动物城所支配的惊叹。墨西哥亡灵节本土化成清明节中元节也挺有趣。
        "
9,UrthónaD'Mors,力荐,2017/12/13 11:56," 电影中曾有一度以为米格的爷爷真的会被完全遗忘，眼泪哗哗的留着，小男孩再给coco唱歌，那时我似乎听到了全场人吸鼻涕的声音。。。
        "
11,小十三,力荐,2017/11/24 12:04," 虽然很感人，但bug在：如果你不传宗接代，亡灵节就跟你没什么关系。可以作为很好的二胎宣传片。
        "
9,萧秋水,推荐,2017/12/9 19:06," 《寻梦环游记》让生与死之间只有一桥之隔，然而这一桥却隔不断爱，所以真正的桥梁，应该是爱。音乐重要，家人也重要，音乐是记忆里深层的温暖，唤醒心中沉睡的美好。死去的人，化为亡灵，凭借他人的记忆而存在，现实世界和亡灵世界，虽然都有邪恶，但给人的感觉还是正向的。死亡不是结束，死亡可以是翻
        "
10,好样的,较差,2017/11/29 9:52," 可看做生活多美好的动画版瞄准圣诞档的家庭片。主要矛盾理想与继承家业并未直接解决。偶像的人社崩裂以及亲子相认才最后促成结局。一通追跑打闹和宝莱坞式歌舞升平盖过真正家庭内部的交流与沟通。家庭关系中没有move on的部分到最后依然停滞不前。
        "
7,Yome,推荐,2017/11/26 0:48," 最新r的是把人死後的世界拍了出 厍橐哺
        "
5,咿呀咿,力荐,2017/12/10 23:39," 家人很重要！
        "
16,竹和,力荐,2017/11/23 3:47," 完全的符合期待，虽然还是皮克斯一贯的反转套路与温情，依旧不妨害Coco成为Up！跟玩具3之后最好的皮克斯动画。画面满分。
        "
4,The 星星,力荐,2018/1/6 13:48," 隔代找爸爸。墨西哥的死亡文化可能是全世界最让我喜欢的，音乐还差那么点的意思
        "
16,如小果,力荐,2017/11/24 23:23," 哇，连接我们每个人的生死是这样的有温度的世界该多好，该多好啊。谢谢皮克斯。
        "
3,花轮君,力荐,2017/11/29 16:09," 哭成狗
        "
8,缅怀树,力荐,2017/12/23 21:25," 被记得，真的有那么重要吗？
        "
20,辛维木Sophia,力荐,2017/11/16 17:49," 有幸提前看了这部电影，对墨西哥文化完全不了解，但接受度很高！目前看过的迪士尼动画里最注重家庭的一个故事，应该会让中国观众产生共鸣。world building相当震撼，音乐让人不由自主地想跳起来。强烈推荐！
        "
7,批发三百斤马骝,推荐,2017/11/30 21:34," 话不定被所有人遗忘以后去到的那个世界，才是真正有趣的世界。
        "
2,蛇弹吉他,推荐,2017/11/25 0:18," 画面，音乐，催泪点都很美，故事和情绪配合得毫无悬念但是绝对有效。皮克斯唯一要挑战的大概就是角色特点了，毕竟很多正能量主角性格看起来都差不多，反派自大起来都差不多，呆萌的伙伴总是相似，连宠物性格也差不多...
        "
11,北,力荐,2017/11/25 20:43," 最让我们与众不同、有价值的东西不是天赋、财富与地位，而是记忆。铭记与被铭记是我们与我们的过去、我们的先人、我们的后人之间最坚不可摧的桥梁，是最后最后的连接。当我们最终被所有人遗忘，便再也没有了活着的理由。我后排伤心哭泣的戴眼镜小男生，你一定是个很有爱的孩子[爱心]。
        "
80,ZWW,力荐,2018/1/7 18:48," 遗忘才是彻底的终结
        "
12,Pam,推荐,2017/11/24 13:47," 终于英文课本里的亡灵节也在大银幕看到。美式套路墨西哥奇幻，叛逆孩子找到回家的路。前半段过于平淡，临结束才有真正「潸然泪下」之感。不过只到「热泪盈眶」，但仍然感动。
        "
6,盒饭君,力荐,2017/12/8 22:39," 在我妈妈去世后，身边有朋友说，她还活在我心里，妈妈也会希望我好好的。有段时间陷入了思考生死的困境里。记忆之于死亡，这就是生命延续的方式。家人很重要才是这部电影的核心。寻梦环游记这个名字和表层故事，做得也很棒。电影成功的地方就在这里，讨好了年纪大的观众，年纪小的也没放过。
        "
8,某水,力荐,2017/11/27 23:23," Remember Me在后半段的目的就是专业催泪弹。希望全世界各个民族和文化都有一部自己的pixar特辑。
        "
4,痕痕,力荐,2018/4/20 23:53," 有梦想谁都了不起。剧情好温暖，很感动。
        "
8,aaron,力荐,2017/11/25 10:42," 全世界最好看、最欢乐、最动人、最美好、最好听的鬼片。
        "
5,别闹我能治你,力荐,2017/12/3 11:31," 很好看，很感动，都哭了
        "
4,水浒三国金刚,推荐,2017/12/2 14:10," 梦想很伟大，亲情价更高
        "
8,EnjoyRachel,还行,2017/11/30 22:09," 因为是皮克斯，所以可以少给一颗星么？或许因为评分太高所以失望好大。跟闺蜜一路猜剧情，无一失误，简直套路到底。当然开头的剪纸很创意，吓掉下巴也很搞笑，小男孩杀马特造型也很可爱，可这是皮克斯啊，太敷衍了吧。不懂周围哭抽了的人们，现在大家泪点都这么低？还是最爱从没上映过的好恐龙。
        "
7,杨三恨,推荐,2017/12/7 20:11," 如果不是关于死亡这个概念打的好，完全是流水线上的片子，看之前听说特别感人准备大哭一场，却发现哭点都有些尴尬
        "
6,momoko酱,推荐,2017/11/26 20:31," 大概是我泪点高 场景做的太棒辣死亡不是结束 遗忘才是
        "
9,张躲躲,推荐,2017/12/16 22:47," 连我这种对家庭冷感的人都落泪了。
        "
5,脑子不够用,力荐,2018/1/10 20:43," 不错，挺温情，也搞笑，里面的画面特别美，唯一不爽的就是我买成了国语，不过里面有个配音声音挺好听的
        "
8,小姬,力荐,2017/11/26 22:12," Thank you for giving me a good cry.
        "
23,维雪魂,力荐,2017/11/13 16:16," 有幸提前观看到《寻梦环游记》，真的是一部全龄段值得一家人一起去观看的动画电影，让我想起《飞屋环游记》。尽管还是关于“亲情”的老话题，但总能被皮克斯玩出新意。主打的是墨西哥文化但这并不会造成文化隔阂的问题。重新定义不了解亡灵节的观众对骷髅形象的理解。
        "
6,下雪要打伞,力荐,2017/12/5 11:45," 已经很久没有一部电影，让我在电影院里能够感动到落泪。结局时影院中全场的哭声，应该就是对这部电影最好的评价了。
        "
7,jackchen,力荐,2017/12/1 17:38," 真正的死亡是这个世界上最后一个记得你的人，把你忘记...   看到最后看到米格给祖奶奶唱remember me后完全泪崩 T-T ...
        "
8,vinegreen,力荐,2017/12/3 18:49," 死亡不是终点，遗忘才是。泪奔。
        "
3,kylegun,力荐,2017/11/27 0:43," 骷髅过境，异域寻亲，吉他一曲勿忘我，哭成狗
        "
7,饮歌,推荐,2017/12/1 8:20," 家，永远都在那里，它是这世上永远都无条件将你深深记住的一隅；回家的路，也永远都在那里，它总能在你踏上的一刻闪耀出最温暖的光芒。皮克斯用自己最擅长的东西，编织出一首歌谣，虽然旋律熟悉，却总能让人在听到的时候情不自已。
        "
2,PASSMEBY,力荐,2017/11/28 3:38," 世界观美赞！即便一开始就知道会被感动的点，还是忍不住眼泪。家人是所有人深处的软肋吧。
        "
13,Pulvinus,力荐,2017/11/26 16:24," 简单点到了生命存在与延续的探讨，虽然没细谈但作为动画也温暖动人深入人心了。选择艳丽热辣的墨西哥背景可能也是为了对冲逝去的悲伤。看的时候想，换成中国背景也是合理的，冬至烧纸祭祖，歌星爸爸换成昆曲名角儿，锡箔纸钱兑成冥河桥…
        "
5,Kylin,力荐,2017/12/6 6:51," 一个人去看的 尽管观影前看过很多影评有了一些心理准备 但还是哭成狗
        "
1,莫莫先生,力荐,2018/1/30 11:32," 盖尔加西亚，那晚烟火很美，灯很亮，你很暖。
        "
4,柠檬海盐,力荐,2018/4/21 8:49," 在电影院看的，当时是真的看哭了
        "
7,minhe,推荐,2017/11/29 0:46," 唱remember me给Coco太奶奶听的时候瞬间泪奔…
        "
11,桃子妹妹,力荐,2017/12/1 22:11," 和长辈一起去看的，我只流了几滴眼泪，长辈却一直哭到回家，所以有些体会真的是经历过才会懂啊，越长大反而越柔软了。
        "
7,湖绿鬼兮,力荐,2017/11/27 9:32," 求求发行方去改个片名吧，这片名我记了一万次都没记住，辨识度太低了。电影倒是好电影，继承《头脑特工队》对记忆和遗忘的思考，对象从物变成了人，最后帮助阿兹海默症的祖奶奶记起爸爸的情节让人动容。2017最让人感动的动画长片。
        "
10,马掰掰,推荐,2017/12/1 9:54," 为什么整个阴间只有曾曾祖母有长翅膀的KENZO时尚大猫，太不公平了！
        "
6,老罗Lazzaro,推荐,2017/11/24 21:39," 浓浓墨西哥风情，梦想与亲情结合的核，简单明快，合家欢乐。
        "
6,猫咪老师,推荐,2018/1/11 20:04," 挺好看的，挺让人感动的有些催泪，我看的中国配音版张震的配音很不错。剧情有一些bug但是整体上还是很不错的~~推荐。
        "
15,bibabo,力荐,2017/11/27 0:19," 剧情看到一半就猜到了。但还是回忆杀轻松搞湿。
        "
65,双黄蛋,力荐,2017/12/6 12:46," 一直都很喜欢动画电影  我算是泪点比较高的人啊 看这部电影不止是想哭了  眼泪根本绷不住  真不愧是我喜欢的导演
        "
4,许上寅,推荐,2017/12/7 0:05," 有一段确实特别好哭～
        "
33,海是天的颜色,推荐,2017/11/24 13:43," 前半段一般，最后简直要命了
        "
7,执麦者,力荐,2017/12/3 18:59," 看电影，想起我的外公外婆，我逝去的那些家人，泪流满面，泣不成声。完美的电影，谢谢迪士尼，皮克斯。
        "
2,小舍,力荐,2017/11/17 22:33," 11.17在华特迪士尼大剧院首映，哭成一片，但又笑成了一团，最后那一个“鬼才记得你”真的太搞了啊！哈哈。太开心看到我大皮克斯的原创剧本水平和动画技术又上了一个超级高的台阶！奥斯卡！奥斯卡！奥斯卡！
        "
6,寒枝雀静,推荐,2017/11/24 12:11," B＋/ 前半段数度以为会沦为墨西哥元素包裹的美式主旋律，但后半部又完成了对美国梦的解构与重塑，确实厉害。虽然作为美式动画依然不可避免地存在对第三世界特有的深邃瑰奇想象的肤浅化呈现，但依然让人耳目一新。真的被最后一猫一狗的设定甜到！动画长片基本锁定，剧本说不定也能拿奥提？
        "
6,董小姐,还行,2017/12/11 21:51," 流水线作业
        "
2,myxoma,还行,2017/12/10 12:04," 墨西哥好声音。。故事转折点都好硬拗。小朋友唱得真不错
        "
2,深夜的阿斯伯格,推荐,2017/11/26 17:21," 她陪我来看《寻梦环游记》，身边的男人早已流下眼泪。（散场后还迟迟不肯摘下眼镜）
        "
8, 狐不悔，,力荐,2017/12/16 21:15," 哪怕是偶尔地，请记起谈起那些或许早已淹没在往事里的人们。打心底地，希望他们在另一个世界里，跟自己爱的人在一起，无忧无虑地活出最美好的“下一世”。
        "
12,Jesse,力荐,2017/11/29 23:59," 看到最后泪腺崩了……感谢这个美好的电影世界
        "
5,罗弘霉素,力荐,2018/3/6 23:39," 当活人世界已经没人记得你了，你在死人世界也将终极死亡，美好而残忍的设定。俗套的剧情，完美的设定与表达，皮克斯太会讲故事了。
        "
58,包子,推荐,2018/1/16 9:30," 这部电影真的适合一家人去看，它的画面生动，而且故事感人，主要是说梦想和亲情，完全]有冷场，都看哭了，值得推荐
        "
75,Czl,推荐,2017/12/11 19:36," 遗憾的是看的是国语版，作为西语学生我认为西语更能带入其中，电影看下来虽然有些剧情略俗，但音乐大大加分。
        "
4,猫咪建筑师,力荐,2017/11/24 1:50," 迪士尼家的dad issue是有多深啊！最喜欢最泪目的是“干了这杯tequila”那段
        "
21,sundae,力荐,2017/11/20 18:18," 年度影院最佳易主。族谱里最羞赧的一角，埋葬过多少隐匿而伟大的人格？猪皮哥化作尘土那一刻，曾太祖父照片落水那一刻，镇痛如雷嗡嗡作响。happy ending也不足以慰藉，寂寥没有什么能够慰藉。如果有，也许是跨越种族、时空和死生的人类共情。但，谁知道呢？
        "
4,灭灭,力荐,2017/11/30 23:56," 非常工整的剧本，以至于产生了一种交互式的体验：不再仅是被动的听故事，同时还在种种故意的暗示下被引导去猜测走向，当得知自己猜对的时候，又被情理之中的反转。原片名 Coco 也很重要，能在那一下有种和主角一起（但不全一样的）恍然大悟的感觉。中文名就比较匪夷所思了...
        "
9,浠墨,力荐,2017/11/24 18:37," 这是我看过对于死亡最温情的叙述的一部动画片了，虽然有些许套路化的地方，可挡不住处处埋下的温情，还有后面的反转让剧情脱离的俗套。结尾升华了主题。各种想象恢宏独特，脑洞大开。
        "
10,,力荐,2017/11/22 14:04," 是谁说把音乐留给迪士尼的 Pixar也（又）有一言不合就拉琴开嗓的片子了ww | 皮家对细节的疯魔这部又炸了一回 从那个世界的建筑和色彩 到衣饰间的装点和刺绣 到所有的乐器和演奏 | 剧情套路基本摸的差不多了 但并不妨碍泪腺被戳到爆表 | 二刷还要看3D的 | 另 正片前的短片太长又不贴
        "
5,玄辂,力荐,2017/12/2 18:53," 最后那首remember me唱起来，整个观影厅哭成一片。千万不要看中文配音版，据说那首歌会变成“记住我～～”
        "
2,溪 上,推荐,2017/12/2 23:36," 8。亡灵节很美，歌曲好听，技术上更是完美。找到歌神的场景非常像盖茨比。
        "
1,Cycble,力荐,2018/3/3 23:02," Follow your heart. Be yourself. All is well.多少人以爱之名行奴役之事，而真正的爱能让你做你自己，无论你是爱音乐，爱同性，还是爱你自己一个人，他们最终因为爱理解你、包容你、成全你。想搞音乐，想出柜，不想被逼婚的……都可以和家人一起看看。
        "
7,基尔,推荐,2017/11/25 16:45," 是部好动画 可是评分个人感觉真的没有这么高 然后回忆今年似乎真的没有什么好的动画片（欢乐合唱团好像是去年的？）剧情模式满套路的 反正最后肯定会反转 歌神不是真实的曾曾祖父也是意料中 画面这种程度对于迪斯尼和皮克斯来说 也中规中矩  
        "
5,狷介有乌青,力荐,2017/12/11 14:53," 【2017.123】温暖的死亡
        "
7,此在一刚,力荐,2017/12/6 23:41," 本片的隐藏价值观：让亡灵续存的不是上帝而是照片。啊！这个会杀死那个，摄影会杀死灵韵。本雅明笑而不语。
        "
9,深夜声咽,力荐,2017/11/25 13:37," 好好看好美听了那么多亡灵节，真的想有机会见识一次呢。
        "
6,JOJOORC/Z,推荐,2017/12/14 17:27," 虽然没有打动我，但不得不佩服制作牛逼剧本牛逼啊
        "
3,该Yann你去光禹,还行,2017/12/1 23:04," 剧情涂抹得太严重，说感动的人只能说明你生活中太缺爱
                
                <a class=""source-icon"" href=""https://www.douban.com/doubanapp/"" target=""_blank""><img src=""https://img3.doubanio.com/f/shire/f62b2d2de3fc4a56d176b01cc3bbd47d2681fb38/pics/comment/android.png"" title=""发自Android"" alt=""Android"" rel=""v:image""/></a>
        "
22,荀水,力荐,2018/4/24 11:14," 补标，值得被一直珍藏的电影。
        "
7,有端人口啊特雷,力荐,2017/11/27 0:37," 情节梗概：盲目续命有后患，新鬼烦冤旧鬼哭。
        "
8,咖啡公社,力荐,2017/12/6 9:21," 在占星学上，四宫（巨蟹）与十宫（摩羯）处于两极。这也是为什么我们总是不断挣扎于家庭和事业之间的平衡。四宫是根，十宫是长在地上的枝叶，只有四宫得到很好的滋养，十宫的枝叶才能茂盛。这电影太有深度了！
        "
3,小小虫,还行,2017/11/29 10:22," 毫无反思全盘接受“家庭”概念的价值观，虽然哭了，但倔强地表示不认同。
        "
7,科林,推荐,2017/11/27 22:39," 没有什么比家更重要
        "
6,猫语猫寻,推荐,2017/11/25 23:41," 皮克斯 VS 迪士尼一旦摆脱套路，把除东方文化之外的地域文化搬上荧屏，就总是非常的出彩，奥斯卡最佳动画长片应该没跑了。虽然和我的人生观和世界观相背离，但还是很喜欢这部动画！
        "
10,Uncle Barney,较差,2017/11/25 21:25," 本片的audience可能真的是小孩子，所以才有这么好猜、刻意煽情的剧本。内涵跟疯狂动物城、香肠派对等相比差多了，并不令人思考。另外感叹各文化的相似性，比如祭祀的习俗。#WasteOfTime#
        "
5,尧耳,力荐,2017/12/1 23:33," 再次感受到迪士尼编剧的强大，一切爱家人、坚持理想的道理，都蕴藏在精彩的故事之中。全程紧张而又不断反转，佐以绚丽色彩和美妙音乐，人生的大道理本就隐含在细节里，无需鼓噪的口号和枯干的理论，很希望自己能学会这样娴熟的讲故事的技法。
        "
3,五月微蓝,推荐,2017/11/24 22:46," 墨西哥亡灵节的题材和《生命之书》一样啊！看的时候就觉得看过类似的情节就想不起片名，翻了之前看过的片子才找到。特别喜欢小男孩化妆成亡灵的那个妆，最后还是挺感人的。看的国语版，连插曲都变成了中文歌，太残念了！和好多小盆友一起看，旁边的小女孩还吓得不敢看o(s□t)o  @2017.11.24 缤谷SFC
        "
9,所有团的团长,推荐,2017/11/30 0:00," 对中国观众来说，皮克斯之于迪士尼，有点像DC之于漫威。愿意探讨一些更深入的东西，而放弃一些爆米花。记忆会模糊，唯音乐永驻心间。
        "
20,暗中观察,推荐,2018/4/6 19:04," 陪伴家人才是最重要的，遗忘是世间对你最大的惩罚。
        "
3,晴阳阳,推荐,2017/12/1 23:56," 虽然追寻音乐的梦想最后沦为表意载体，影片回归将近80年前绿野仙踪式“家才是最好的”保守主题；有些段落俗套甚至陈旧，甚至还非要好人在那儿叨叨好让反派杀回来（简直是好莱坞反派标配情节）。但！但！能在合家欢主题的动画片里谈论墨西哥的灵魂观谈论死亡，是多么动人啊，还包裹得如此纯熟美好，佩服
        "
3,李佳芯,力荐,2017/11/27 20:53," Remember me though i have to say goodbye 
        "
5,叫她孙女凯拉走,力荐,2018/3/9 2:18," 很棒的一部动画片，刻画出了一个纷繁多彩的亡灵世界，充满了墨西哥特色。主角一心追求音乐梦想而与家人产生矛盾、去偷吉他的行为让我很不舒服，看到结尾才发现电影主题并非电影名字的寻梦，而是一部关于家庭、亲情的电影，欲扬先抑。
        "
2,傻乐的猫,推荐,2017/11/24 19:35," 老故事，不过比《星际穿越》好哭。主题对于小朋友还是太黑色/成人了（不是鬼的部分，是黑成功学的部分），大歌星让我想到列侬了。remember me是致敬Hey, Jude不成？
        "
5,雅典娜,力荐,2017/11/26 19:22," To the people across time who supported and inspired us. 明知是常见套路，甚至早就猜到了剧情，但还是哇哇大哭。【皮克斯是不是崇拜猫啊，狗子变成灵魂兽也还是傻狗，猫则强大无比万兽之王似的
        "
3,送小孩,推荐,2017/11/26 2:21," 其实我一直觉得皮克斯从09年的《飞屋环游记》以后，都缺乏一个有趣的电影概念，就好像在一个平庸的题目下，作出了一篇满分作文，而他们高超的制作水准掩盖了这个问题。比如《头脑特工队》和《寻梦环游记》都是几近完美的作品，但哭过笑过以后，却觉得皮克斯越来越八股文了。也可能是我期待太高了吧。
        "
2,异想天开,还行,2017/11/27 2:34," 还是不错的，不过评价过誉了。到不了动物城的高度
        "
2,Carf,力荐,2017/12/24 17:43," 音乐总是充满魔力，生活必然存在肮脏，但愿那逝去的世界，桥接着梦回的长廊。冬至观影，恰如其氛。
        "
2,HAHAHAHABATMAN,推荐,2017/11/26 21:56," 狮鹫救了男主两条狗命，戏份还不如抢戏的流浪狗
        "
4,何婊砸,力荐,2017/11/24 23:51," 西班牙味英文。假如有来世，假如有亡灵之地……看过题材和画风最清奇的一部皮克斯动画，皮克斯大法好！原以为是一出《银河护卫队2》式的故事，结果反转再反转，告诉观众故事不落俗套。好喜欢Hector~盖尔哥哥的嗓音太美了！！！！唱歌太动听了！和Hector一样帅气吸引人！Coco的父女情和家人情催人泪下。
        "
6,河狸,力荐,2017/11/24 17:03," 异想天开的世界，优美动听的歌曲，直击心灵的感动。年度最佳动画电影，最佳视觉效果，最佳原创音乐预定！
        "
16,吃胶片的考拉,力荐,2017/11/26 1:19," 一直看到中段都觉得很普通，但没想到，最后半小时真的击中我了。电影的魅力之一就是能带来强烈的情绪释放。大多数电影都做不到这一点，Coco做到了。一部电影能让观众笑让观众哭，不代表它就是好电影；但一部好电影，一定可以调动你的情绪。于是我选择献出五星，怀着感激之心。
        "
3,完颜穆尔登格,力荐,2017/12/16 19:48," 一场亡灵世界里的寻找 把姐姐我这么大岁数一人都在电影院里看哭了
        "
6,ChrisKirk,推荐,2017/11/25 23:58," 4.5 正如片名COCO所指，死亡与遗忘是人生最悠长深远的陪伴，但记忆却不只属于主角，镌刻在金色树叶下的符咒是感情尚未完全消逝前的深谷绝响，歌声与本源互相成全，只要梦想还在，哪里都是奇遇；五彩斑斓的皮克斯世界，标签化的人物形象，FORGIVE与FORGET的和解告白，绚丽如烟火，美好如瑰宝。
        "
23,肖尔布拉克,力荐,2017/12/2 21:46," 这应该是我今年看到的最好的电影。看的时候坐在我旁边的一个小女孩儿大概十二三岁，看到爱克托才是真的曾曾祖父就开始哭，一直哭到最后。我给了她一张纸巾，她没要。
        "
7,武侠小王子,力荐,2017/11/26 14:45," 明年奥斯卡是跑不掉了。
        "
4,rocky,很差,2017/12/10 9:02," 这种故事能有多老套
        "
4,一眼便是永久,推荐,2017/12/16 21:30," 画质很好 做的特效很惊艳 几度感动的要落泪 推荐
        "
6,Laura,力荐,2017/11/28 22:39," 我可能是来给皮克斯还眼泪的。
        "
4,索马里难民,力荐,2017/11/29 15:08," 这他妈的中文译名
        "
14,高等游民阿朽,力荐,2017/11/24 21:18," 哭成狗，想起我外公，会不会也在清明节站在我们身边呢？每年一定要去扫墓就是这个意义啊。近年最打动我的皮克斯作品。
        "
5,yoyomygirl,力荐,2017/12/14 20:56," 奶奶，Coco的样子让我一下子又想起你。
        "
27,怪物子,力荐,2017/11/20 17:01," 相信我，在小男孩最后唱起 remember  me 的时候，你一定会感动得泪崩的。整个影院此起彼伏的抽泣声，我要不是顾及朋友们在旁边，一定会哭得不成人形的。
        "
3,一拳一个嘤嘤怪,推荐,2017/12/9 22:58," 好温情的一部电影。如果人死了之后真的有那样一个世界，灵魂以另一种方式延续下去的话，我也就不那么怕死了，面对亲人的离世，我也不会那么感伤。墨西哥口音的英语好洗脑，看完后脑子里都是那个腔调。
        "
4,不值得关注,推荐,2017/12/8 18:07," 最后那个remember me全影院都在抹眼泪。电影告诫我们要善待猫啊，搞不好人家真身其实是大老虎！
        "
7,狄飞惊,推荐,2017/11/29 13:37," 一个人包场，理所当然也痛快地洒了几滴热泪。但出来后被冷风一吹，马上又为刚才的激动感到难为情，因为这里的亲情（family）本质上仍然只算一个概念，所有的角色和设定都不可避免任务属性，离真正的生命质感尚有不小的距离。
        "
3,Riobluemoon,推荐,2017/11/27 21:54," 7.5分。《僵尸新娘》温暖精致版。作为迪士尼出品来说算是中规中矩之作，但当做皮克斯的作品来看的话却有点让人失望。整体情节发展太过套路，除了璀璨的画面让人惊叹外，各种起承转合都在意料之中，并没有让人失望，但也没太多的灵性。被人遗忘就再死一遍的设计倒还算不错吧。歌挺好听的。
        "
13,ZhangD@b@i,力荐,2017/11/25 23:21," 1.头一次整个电影院一起哭成傻逼。2.虽然剧情都猜到了但是还是会跟着有失而复得的幸福……3.想去墨西哥玩！这种帮助计划下一个假期的能力真的只有迪士尼能做到啊……4.冷静下来以后忍不住想大概这是迪士尼乐园想推高未来万圣节门票的阴谋吧：）5.八一厂请放弃环游记和总动员的译名习惯好吗！
        "
10,兔草,还行,2017/12/2 22:01," 很美好，但我不信。这种家族关系实际上是幻梦，告诉人们家庭重要也是一种心灵鸡汤而已，可能还是会被感动到，但不信
        "
4,李大米,力荐,2017/11/26 17:16," 这个世界上有一门独门暗器叫“皮克斯煽”，明明是一眼就能看破的套路，就算看之前就已经被预警＋剧透完，纵然是已经被人拍过的老梗，也能把细节的精致和主题的深刻程度挖到极致，让你难逃哭成狗、看完久久难以释怀的命运。
        "
6,油炸绿菠萝,力荐,2017/11/25 9:52," 要努力，要成名，要不被遗忘。这是个励志电影。
        "
2,"杉小爱|好姑娘,咱们走起来",力荐,2017/12/5 8:23," 死亡K不是人生的Kc，z忘才是。
在鄣挠消失前，住我。
        "
5,Y12CU,力荐,2017/12/4 8:51," 在爱的记忆消失以前，请记住我。迪斯尼和皮克斯还告诉我们你爸爸永远是你爸爸，就算你猜到结局，也能让你留下眼泪。
        "
2,猪鼻子同学,力荐,2017/12/4 10:22," 迪士尼没有让我失望，好久没去电影院的我，突然想去看电影，也没有作功课就随便买了这部影片，结果出乎我的意料，意外好好看，本来平时很恐怖的僵尸，鬼灵之类的，在迪士尼的动画里面又可爱又搞笑，又有意外的感动，很好看！！！
        "
11,lu,力荐,2017/12/2 13:22," Pixar创造并描绘世界的能力太强了
        "
4,龙在田,力荐,2017/12/4 23:43," 故事和动作不新鲜，然而，墨西哥风情刻画生动，木吉他好听，万寿菊的桥美仑美奂，冥界海关颅骨识别真高科技，大结局的温馨时刻，恍然觉得有神论也是一种幸福。最煽情的镜头是片尾的照片墙，“感谢那些曾支持和鼓舞我们的人”。家庭和梦想能否和谐与共，则是影片背后更悠长的命题。分级：PG
        "
11,月光粥,还行,2017/12/2 17:48," 觉得全片在日出那里结束最好，小男孩带着曾祖父的记忆回到人间，而曾祖父就此消失，存在无需凭借记忆证明，曾经就是永恒。
        "
5,hedgehog,力荐,2017/11/26 19:50," 完美，又哭又笑！
        "
2,潇雨,还行,2017/11/25 11:15," 准备好了纸巾，却没有想象中的飙泪。故事主题突出，构思巧妙，转折得当，结局欢喜。然而对我来说，转折上的情感冲击并没有想象中来的激烈，像那只狗狗，用来增添轻松气氛，动作设计却显得拖泥带水，反而显得多余，插曲好听但不耐听，关键是太多情节设计都在意料中,,,一切只是刚好，没有冲破我的泪点！
        "
4,药师,推荐,2017/11/27 23:35," 我想和你见一面。
        "
5,高压电,较差,2017/12/3 1:15," 太……知音了吧
        "
6,废宅张阿谁,推荐,2017/11/30 21:17," 隐形眼镜都哭丢了
        "
5,条,推荐,2017/11/24 19:36," 8.2 真是个悲伤的故事，那些被遗忘与等待着被遗忘的灵魂，音此绽放出绚烂的生命力
        "
11,勾陈一,力荐,2017/11/25 23:14," 这样的文化输出和音乐不要太棒，可以来一打，适合一家人一起看。死亡并不可怕，可怕的是被世人遗忘没有人记起。
        "
4,峰峰峰峰,还行,2018/1/19 11:03," 骷髅过境三六九，墓地花海天人桥，冥界寻亲合家欢，吉他一曲勿忘我。“我没赶上看见他们，所以跟他们的关系仅只是属于彼此，一种沉默的无条件的支持，看似无用，无效，却是我最需要的。他们只静静地躺在我的血液里，等我死的时候再死一次。我爱他们。”
        "
9,陈春成的风速狗,推荐,2017/12/5 18:28," 呜
        "
4,字母君,推荐,2017/11/25 8:17," 比故事还催泪的片名就这样被翻译坑了。像是借《生命之书》的壳又倒着重拍了一遍《飞屋环游记》，比《飞屋环游记》还催泪，只好躲在早场的无人角落偷偷哭，我在那个世界应该活不长吧……
片尾曲完了还有一小煽，感谢那些曾陪伴并支持我的人们。
        "
2,梓然,还行,2017/12/3 2:51," 遗忘，才是死亡的终点。
        "
1,翡冷翠,推荐,2017/12/4 10:26," 原声里不是蹦出来的西语好好听！从朋友圈来看哭点都差不多，豆瓣上几个搞影视的真是高冷死了。不被遗忘很重要哈？不然做鬼都做不长，所以大家都拼命博眼球抢热点：）
        "
3,rune1121,较差,2017/12/16 22:44," 迪士尼一如既往的段子加心灵鸡汤，不差但是也没神到这种地步。全球票房不好，一个月才勉强4亿刀票房，可天朝贡献10亿人民币。你说这种南美洲风情感动国人，心灵鸡汤让国人落泪？骗鬼哦。墙外开花墙内香的情况屡次发生，好片烂片都有。原来天朝人看电影不是看电影水平如何，是不是真喜欢，而是跟风的。
        "
9,伊卡洛斯,力荐,2017/12/3 6:54," Remember me
        "
6,橘川,力荐,2017/11/28 16:07," 到过墨西哥的人都不该错过的一部电影。听上去令人倍感亲切的口音、烛火辉煌的墓园，丰盛的ofrenda和可爱的骷髅。令我想到五年前的某个凌晨，和同学游荡在Michoacán的墓地，看人们载歌载舞，欢欣地迎接逝者回家。
        "
3,鲜有废客,还行,2017/11/27 23:16," 四平八稳的剧作，套上亲情和梦想的主题，的确很合家欢，几处转折处还可以看到突破。
最抢眼的是特效和文化上的考究，将墨西哥文化和亡灵节的世界观做了深挖，这是最为抢眼的，不过也是皮克斯一贯来的标志，做动画能做到这种流转，的确是世界顶级。
然而限于合家欢的定位，更多的内蕴，就无从说起了。
        "
2,无机客,力荐,2017/11/25 22:59," 看过电影后就觉得Coco这个题目真是不错。这样利用某个文化背景来构思故事，拍摄动画片的模式值得推广。其他国家的电影人要么来山寨一下？
        "
8,冉姑娘。,力荐,2017/11/30 10:05," 谢谢《coco》，在你告诉我之前，我一直以为那边的世界恐怖、凄凉、肮脏、冷清，从未想过还可以如此温暖和美丽的存在。谢谢你给我上了一节生动有爱的死亡之课。只要有人记得，在那个世界的家人一样可以幸福安康。
        "
5,P,还行,2017/12/19 22:40," c躺在吊床上化作一道光逝去~老^鹤钣泄缠Q。樯督KO目耸且被永h？心了啊。宇宙浩瀚，存在^就好。
        "
